imsi,msisdn,status,mcc,mnc,operator,data_enabled,roaming_enabled,volte_enabled,registered_at,last_updated,swap_reason
452010000000000,+84970000000,active,452,01,Viettel,true,false,true,2022-11-24T11:00:00Z,2022-11-28T11:00:00Z,initial_activation
452010000000001,+84970000001,active,452,01,Viettel,true,false,true,2022-05-06T15:00:00Z,2022-05-24T15:00:00Z,initial_activation
452010000000002,+84970000002,active,452,01,Viettel,true,false,true,2022-12-14T07:00:00Z,2023-02-22T07:00:00Z,initial_activation
452010000000003,+84970000003,active,452,01,Viettel,true,false,true,2022-08-05T09:00:00Z,2022-08-09T09:00:00Z,initial_activation
452010000000004,+84970000004,active,452,01,Viettel,true,false,true,2022-05-01T00:00:00Z,2022-07-18T00:00:00Z,initial_activation
452010000000005,+84970000005,active,452,01,Viettel,true,false,true,2022-04-13T06:00:00Z,2022-07-06T06:00:00Z,initial_activation
452010000000006,+84970000006,active,452,01,Viettel,true,false,true,2022-08-03T15:00:00Z,2022-09-30T15:00:00Z,initial_activation
452010000000007,+84970000007,active,452,01,Viettel,true,false,true,2022-01-04T13:00:00Z,2022-04-04T13:00:00Z,initial_activation
452010000000008,+84970000008,active,452,01,Viettel,true,false,true,2022-05-23T12:00:00Z,2022-06-20T12:00:00Z,initial_activation
452010000000009,+84970000009,active,452,01,Viettel,true,false,true,2022-06-22T11:00:00Z,2022-07-04T11:00:00Z,initial_activation
452010000000010,+84970000010,active,452,01,Viettel,true,false,true,2022-07-03T19:00:00Z,2022-09-19T19:00:00Z,initial_activation
452010000000011,+84970000011,active,452,01,Viettel,true,false,true,2022-01-24T07:00:00Z,2022-03-24T07:00:00Z,initial_activation
452010000000012,+84970000012,active,452,01,Viettel,true,false,true,2022-07-13T10:00:00Z,2022-09-22T10:00:00Z,initial_activation
452010000000013,+84970000013,active,452,01,Viettel,true,false,true,2022-11-19T03:00:00Z,2023-01-05T03:00:00Z,initial_activation
452010000000014,+84970000014,active,452,01,Viettel,true,false,true,2022-12-27T10:00:00Z,2023-01-02T10:00:00Z,initial_activation
452010000000015,+84970000015,active,452,01,Viettel,true,false,true,2022-05-29T10:00:00Z,2022-06-28T10:00:00Z,initial_activation
452010000000016,+84970000016,active,452,01,Viettel,true,false,true,2022-07-14T16:00:00Z,2022-09-11T16:00:00Z,initial_activation
452010000000017,+84970000017,active,452,01,Viettel,true,false,true,2022-07-06T13:00:00Z,2022-08-23T13:00:00Z,initial_activation
452010000000018,+84970000018,active,452,01,Viettel,true,false,true,2022-12-10T16:00:00Z,2023-03-10T16:00:00Z,initial_activation
452010000000019,+84970000019,active,452,01,Viettel,true,false,true,2022-11-28T10:00:00Z,2023-02-14T10:00:00Z,initial_activation
452010000000020,+84970000020,active,452,01,Viettel,true,false,true,2022-10-02T07:00:00Z,2022-11-03T07:00:00Z,initial_activation
452010000000021,+84970000021,active,452,01,Viettel,true,false,true,2022-07-14T16:00:00Z,2022-10-04T16:00:00Z,initial_activation
452010000000022,+84970000022,active,452,01,Viettel,true,false,true,2022-04-24T05:00:00Z,2022-06-05T05:00:00Z,initial_activation
452010000000023,+84970000023,active,452,01,Viettel,true,false,true,2022-01-29T15:00:00Z,2022-02-03T15:00:00Z,initial_activation
452010000000024,+84970000024,active,452,01,Viettel,true,false,true,2022-07-25T16:00:00Z,2022-08-03T16:00:00Z,initial_activation
452010000000025,+84970000025,active,452,01,Viettel,true,false,true,2022-10-19T06:00:00Z,2022-11-29T06:00:00Z,initial_activation
452010000000026,+84970000026,active,452,01,Viettel,true,false,true,2022-09-13T20:00:00Z,2022-12-05T20:00:00Z,initial_activation
452010000000027,+84970000027,active,452,01,Viettel,true,false,true,2022-05-16T12:00:00Z,2022-06-17T12:00:00Z,initial_activation
452010000000028,+84970000028,active,452,01,Viettel,true,false,true,2022-10-03T16:00:00Z,2023-01-07T16:00:00Z,initial_activation
452010000000029,+84970000029,active,452,01,Viettel,true,false,true,2022-10-26T20:00:00Z,2022-12-12T20:00:00Z,initial_activation
452010000000030,+84970000030,active,452,01,Viettel,true,false,true,2022-03-13T00:00:00Z,2022-05-16T00:00:00Z,initial_activation
452010000000031,+84970000031,active,452,01,Viettel,true,false,true,2022-01-25T11:00:00Z,2022-02-14T11:00:00Z,initial_activation
452010000000032,+84970000032,active,452,01,Viettel,true,false,true,2022-12-15T21:00:00Z,2023-03-02T21:00:00Z,initial_activation
452010000000033,+84970000033,active,452,01,Viettel,true,false,true,2022-07-16T03:00:00Z,2022-09-14T03:00:00Z,initial_activation
452010000000034,+84970000034,active,452,01,Viettel,true,false,true,2022-10-11T08:00:00Z,2023-01-07T08:00:00Z,initial_activation
452010000000035,+84970000035,active,452,01,Viettel,true,false,true,2022-12-17T01:00:00Z,2023-03-24T01:00:00Z,initial_activation
452010000000036,+84970000036,active,452,01,Viettel,true,false,true,2022-11-25T18:00:00Z,2022-12-10T18:00:00Z,initial_activation
452010000000037,+84970000037,active,452,01,Viettel,true,false,true,2022-03-22T22:00:00Z,2022-03-23T22:00:00Z,initial_activation
452010000000038,+84970000038,active,452,01,Viettel,true,false,true,2022-05-16T00:00:00Z,2022-08-22T00:00:00Z,initial_activation
452010000000039,+84970000039,active,452,01,Viettel,true,false,true,2022-02-25T04:00:00Z,2022-04-05T04:00:00Z,initial_activation
452010000000040,+84970000040,active,452,01,Viettel,true,false,true,2022-09-18T03:00:00Z,2022-10-14T03:00:00Z,initial_activation
452010000000041,+84970000041,active,452,01,Viettel,true,false,true,2022-03-25T01:00:00Z,2022-07-03T01:00:00Z,initial_activation
452010000000042,+84970000042,active,452,01,Viettel,true,false,true,2022-01-02T03:00:00Z,2022-02-13T03:00:00Z,initial_activation
452010000000043,+84970000043,active,452,01,Viettel,true,false,true,2022-02-27T19:00:00Z,2022-04-08T19:00:00Z,initial_activation
452010000000044,+84970000044,active,452,01,Viettel,true,false,true,2022-05-05T02:00:00Z,2022-05-16T02:00:00Z,initial_activation
452010000000045,+84970000045,active,452,01,Viettel,true,false,true,2022-09-06T10:00:00Z,2022-12-13T10:00:00Z,initial_activation
452010000000046,+84970000046,active,452,01,Viettel,true,false,true,2022-03-06T12:00:00Z,2022-05-30T12:00:00Z,initial_activation
452010000000047,+84970000047,active,452,01,Viettel,true,false,true,2022-10-09T13:00:00Z,2022-11-12T13:00:00Z,initial_activation
452010000000048,+84970000048,active,452,01,Viettel,true,false,true,2022-11-07T21:00:00Z,2022-12-05T21:00:00Z,initial_activation
452010000000049,+84970000049,active,452,01,Viettel,true,false,true,2022-12-20T14:00:00Z,2023-03-22T14:00:00Z,initial_activation
452010000000050,+84970000050,active,452,01,Viettel,true,false,true,2022-12-11T04:00:00Z,2023-01-28T04:00:00Z,initial_activation
452010000000051,+84970000051,active,452,01,Viettel,true,false,true,2022-09-22T22:00:00Z,2022-10-08T22:00:00Z,initial_activation
452010000000052,+84970000052,active,452,01,Viettel,true,false,true,2022-02-02T18:00:00Z,2022-02-05T18:00:00Z,initial_activation
452010000000053,+84970000053,active,452,01,Viettel,true,false,true,2022-04-29T02:00:00Z,2022-05-28T02:00:00Z,initial_activation
452010900000053,+84970000053,active,452,01,Viettel,true,false,true,2022-07-12T02:00:00Z,2022-07-12T02:00:00Z,customer_request
452010000000054,+84970000054,active,452,01,Viettel,true,false,true,2022-04-28T10:00:00Z,2022-05-03T10:00:00Z,initial_activation
452010000000055,+84970000055,active,452,01,Viettel,true,false,true,2022-02-07T00:00:00Z,2022-03-10T00:00:00Z,initial_activation
452010000000056,+84970000056,active,452,01,Viettel,true,false,true,2022-09-06T14:00:00Z,2022-11-15T14:00:00Z,initial_activation
452010000000057,+84970000057,active,452,01,Viettel,true,false,true,2022-10-21T02:00:00Z,2022-12-21T02:00:00Z,initial_activation
452010000000058,+84970000058,active,452,01,Viettel,true,false,true,2022-08-31T21:00:00Z,2022-09-25T21:00:00Z,initial_activation
452010000000059,+84970000059,active,452,01,Viettel,true,false,true,2022-12-04T21:00:00Z,2023-01-19T21:00:00Z,initial_activation
452010000000060,+84970000060,active,452,01,Viettel,true,false,true,2022-08-29T07:00:00Z,2022-09-05T07:00:00Z,initial_activation
452010000000061,+84970000061,active,452,01,Viettel,true,false,true,2022-11-27T11:00:00Z,2022-12-05T11:00:00Z,initial_activation
452010000000062,+84970000062,active,452,01,Viettel,true,false,true,2022-06-23T11:00:00Z,2022-07-25T11:00:00Z,initial_activation
452010000000063,+84970000063,active,452,01,Viettel,true,false,true,2022-10-02T22:00:00Z,2022-10-20T22:00:00Z,initial_activation
452010000000064,+84970000064,active,452,01,Viettel,true,false,true,2022-05-23T22:00:00Z,2022-06-24T22:00:00Z,initial_activation
452010000000065,+84970000065,active,452,01,Viettel,true,false,true,2022-02-08T22:00:00Z,2022-04-20T22:00:00Z,initial_activation
452010000000066,+84970000066,active,452,01,Viettel,true,false,true,2022-12-01T01:00:00Z,2022-12-03T01:00:00Z,initial_activation
452010000000067,+84970000067,active,452,01,Viettel,true,false,true,2022-05-02T13:00:00Z,2022-06-24T13:00:00Z,initial_activation
452010000000068,+84970000068,active,452,01,Viettel,true,false,true,2022-04-20T20:00:00Z,2022-04-28T20:00:00Z,initial_activation
452010000000069,+84970000069,active,452,01,Viettel,true,false,true,2022-01-02T20:00:00Z,2022-02-05T20:00:00Z,initial_activation
452010000000070,+84970000070,active,452,01,Viettel,true,false,true,2022-08-21T17:00:00Z,2022-10-15T17:00:00Z,initial_activation
452010000000071,+84970000071,active,452,01,Viettel,true,false,true,2022-10-13T05:00:00Z,2023-01-13T05:00:00Z,initial_activation
452010000000072,+84970000072,active,452,01,Viettel,true,false,true,2022-04-08T17:00:00Z,2022-05-06T17:00:00Z,initial_activation
452010000000073,+84970000073,active,452,01,Viettel,true,false,true,2022-10-25T07:00:00Z,2023-01-03T07:00:00Z,initial_activation
452010000000074,+84970000074,active,452,01,Viettel,true,false,true,2022-06-10T09:00:00Z,2022-06-17T09:00:00Z,initial_activation
452010000000075,+84970000075,active,452,01,Viettel,true,false,true,2022-09-16T00:00:00Z,2022-10-07T00:00:00Z,initial_activation
452010000000076,+84970000076,active,452,01,Viettel,true,false,true,2022-09-18T10:00:00Z,2022-10-12T10:00:00Z,initial_activation
452010000000077,+84970000077,active,452,01,Viettel,true,false,true,2022-02-05T05:00:00Z,2022-03-08T05:00:00Z,initial_activation
452010000000078,+84970000078,active,452,01,Viettel,true,false,true,2022-10-19T15:00:00Z,2023-01-02T15:00:00Z,initial_activation
452010000000079,+84970000079,active,452,01,Viettel,true,false,true,2022-11-14T10:00:00Z,2023-01-07T10:00:00Z,initial_activation
452010000000080,+84970000080,active,452,01,Viettel,true,false,true,2022-10-18T00:00:00Z,2022-11-28T00:00:00Z,initial_activation
452010000000081,+84970000081,active,452,01,Viettel,true,false,true,2022-04-16T05:00:00Z,2022-07-17T05:00:00Z,initial_activation
452010000000082,+84970000082,active,452,01,Viettel,true,false,true,2022-05-16T20:00:00Z,2022-06-02T20:00:00Z,initial_activation
452010000000083,+84970000083,active,452,01,Viettel,true,false,true,2022-06-03T22:00:00Z,2022-07-14T22:00:00Z,initial_activation
452010000000084,+84970000084,active,452,01,Viettel,true,false,true,2022-02-07T08:00:00Z,2022-04-07T08:00:00Z,initial_activation
452010000000085,+84970000085,active,452,01,Viettel,true,false,true,2022-10-16T11:00:00Z,2022-10-26T11:00:00Z,initial_activation
452010000000086,+84970000086,active,452,01,Viettel,true,false,true,2022-09-17T16:00:00Z,2022-10-04T16:00:00Z,initial_activation
452010000000087,+84970000087,active,452,01,Viettel,true,false,true,2022-02-05T15:00:00Z,2022-03-25T15:00:00Z,initial_activation
452010000000088,+84970000088,active,452,01,Viettel,true,false,true,2022-08-14T01:00:00Z,2022-11-13T01:00:00Z,initial_activation
452010000000089,+84970000089,active,452,01,Viettel,true,false,true,2022-12-02T00:00:00Z,2022-12-04T00:00:00Z,initial_activation
452010000000090,+84970000090,active,452,01,Viettel,true,false,true,2022-10-11T17:00:00Z,2023-01-04T17:00:00Z,initial_activation
452010000000091,+84970000091,active,452,01,Viettel,true,false,true,2022-03-10T16:00:00Z,2022-03-25T16:00:00Z,initial_activation
452010000000092,+84970000092,active,452,01,Viettel,true,false,true,2022-10-11T12:00:00Z,2022-11-15T12:00:00Z,initial_activation
452010000000093,+84970000093,active,452,01,Viettel,true,false,true,2022-04-19T06:00:00Z,2022-06-02T06:00:00Z,initial_activation
452010000000094,+84970000094,active,452,01,Viettel,true,false,true,2022-11-21T16:00:00Z,2023-01-25T16:00:00Z,initial_activation
452010000000095,+84970000095,active,452,01,Viettel,true,false,true,2022-01-27T10:00:00Z,2022-04-19T10:00:00Z,initial_activation
452010000000096,+84970000096,active,452,01,Viettel,true,false,true,2022-05-22T09:00:00Z,2022-05-23T09:00:00Z,initial_activation
452010000000097,+84970000097,active,452,01,Viettel,true,false,true,2022-03-09T04:00:00Z,2022-04-12T04:00:00Z,initial_activation
452010000000098,+84970000098,active,452,01,Viettel,true,false,true,2022-08-16T01:00:00Z,2022-11-15T01:00:00Z,initial_activation
452010000000099,+84970000099,active,452,01,Viettel,true,false,true,2022-01-05T11:00:00Z,2022-01-15T11:00:00Z,initial_activation
452010000000100,+84970000100,active,452,01,Viettel,true,false,true,2022-12-20T12:00:00Z,2023-02-28T12:00:00Z,initial_activation
452010000000101,+84970000101,active,452,01,Viettel,true,false,true,2022-07-10T02:00:00Z,2022-09-19T02:00:00Z,initial_activation
452010000000102,+84970000102,active,452,01,Viettel,true,false,true,2022-03-07T09:00:00Z,2022-04-16T09:00:00Z,initial_activation
452010000000103,+84970000103,active,452,01,Viettel,true,false,true,2022-01-21T19:00:00Z,2022-02-17T19:00:00Z,initial_activation
452010000000104,+84970000104,active,452,01,Viettel,true,false,true,2022-12-08T11:00:00Z,2023-01-23T11:00:00Z,initial_activation
452010000000105,+84970000105,active,452,01,Viettel,true,false,true,2022-07-29T03:00:00Z,2022-11-02T03:00:00Z,initial_activation
452010000000106,+84970000106,active,452,01,Viettel,true,false,true,2022-05-02T13:00:00Z,2022-05-25T13:00:00Z,initial_activation
452010000000107,+84970000107,active,452,01,Viettel,true,false,true,2022-01-13T13:00:00Z,2022-04-18T13:00:00Z,initial_activation
452010000000108,+84970000108,active,452,01,Viettel,true,false,true,2022-07-31T05:00:00Z,2022-11-03T05:00:00Z,initial_activation
452010000000109,+84970000109,active,452,01,Viettel,true,false,true,2022-05-17T13:00:00Z,2022-08-15T13:00:00Z,initial_activation
452010000000110,+84970000110,active,452,01,Viettel,true,false,true,2022-01-20T23:00:00Z,2022-02-18T23:00:00Z,initial_activation
452010000000111,+84970000111,active,452,01,Viettel,true,false,true,2022-08-24T19:00:00Z,2022-10-03T19:00:00Z,initial_activation
452010000000112,+84970000112,active,452,01,Viettel,true,false,true,2022-04-27T15:00:00Z,2022-05-01T15:00:00Z,initial_activation
452010000000113,+84970000113,active,452,01,Viettel,true,false,true,2022-07-24T18:00:00Z,2022-08-29T18:00:00Z,initial_activation
452010000000114,+84970000114,active,452,01,Viettel,true,false,true,2022-05-23T19:00:00Z,2022-08-14T19:00:00Z,initial_activation
452010000000115,+84970000115,active,452,01,Viettel,true,false,true,2022-12-15T01:00:00Z,2023-01-27T01:00:00Z,initial_activation
452010000000116,+84970000116,active,452,01,Viettel,true,false,true,2022-03-01T16:00:00Z,2022-03-24T16:00:00Z,initial_activation
452010000000117,+84970000117,active,452,01,Viettel,true,false,true,2022-05-16T09:00:00Z,2022-05-30T09:00:00Z,initial_activation
452010000000118,+84970000118,active,452,01,Viettel,true,false,true,2022-06-27T07:00:00Z,2022-08-07T07:00:00Z,initial_activation
452010000000119,+84970000119,active,452,01,Viettel,true,false,true,2022-09-19T11:00:00Z,2022-11-08T11:00:00Z,initial_activation
452010000000120,+84970000120,active,452,01,Viettel,true,false,true,2022-04-08T16:00:00Z,2022-04-14T16:00:00Z,initial_activation
452010000000121,+84970000121,active,452,01,Viettel,true,false,true,2022-01-02T00:00:00Z,2022-03-12T00:00:00Z,initial_activation
452010000000122,+84970000122,active,452,01,Viettel,true,false,true,2022-12-10T14:00:00Z,2023-01-26T14:00:00Z,initial_activation
452010000000123,+84970000123,active,452,01,Viettel,true,false,true,2022-12-07T18:00:00Z,2023-02-25T18:00:00Z,initial_activation
452010000000124,+84970000124,active,452,01,Viettel,true,false,true,2022-03-06T07:00:00Z,2022-04-14T07:00:00Z,initial_activation
452010000000125,+84970000125,active,452,01,Viettel,true,false,true,2022-12-08T21:00:00Z,2023-01-19T21:00:00Z,initial_activation
452010000000126,+84970000126,active,452,01,Viettel,true,false,true,2022-06-02T01:00:00Z,2022-06-19T01:00:00Z,initial_activation
452010000000127,+84970000127,active,452,01,Viettel,true,false,true,2022-12-07T20:00:00Z,2023-03-04T20:00:00Z,initial_activation
452010000000128,+84970000128,active,452,01,Viettel,true,false,true,2022-04-01T03:00:00Z,2022-06-13T03:00:00Z,initial_activation
452010000000129,+84970000129,active,452,01,Viettel,true,false,true,2022-10-08T08:00:00Z,2022-11-16T08:00:00Z,initial_activation
452010000000130,+84970000130,active,452,01,Viettel,true,false,true,2022-08-10T02:00:00Z,2022-10-27T02:00:00Z,initial_activation
452010000000131,+84970000131,active,452,01,Viettel,true,false,true,2022-08-27T22:00:00Z,2022-10-23T22:00:00Z,initial_activation
452010000000132,+84970000132,active,452,01,Viettel,true,false,true,2022-09-19T23:00:00Z,2022-12-23T23:00:00Z,initial_activation
452010000000133,+84970000133,active,452,01,Viettel,true,false,true,2022-02-13T17:00:00Z,2022-04-20T17:00:00Z,initial_activation
452010000000134,+84970000134,active,452,01,Viettel,true,false,true,2022-11-14T18:00:00Z,2022-11-26T18:00:00Z,initial_activation
452010000000135,+84970000135,active,452,01,Viettel,true,false,true,2022-05-02T05:00:00Z,2022-06-11T05:00:00Z,initial_activation
452010000000136,+84970000136,active,452,01,Viettel,true,false,true,2022-04-12T12:00:00Z,2022-04-16T12:00:00Z,initial_activation
452010000000137,+84970000137,active,452,01,Viettel,true,false,true,2022-09-02T03:00:00Z,2022-12-10T03:00:00Z,initial_activation
452010000000138,+84970000138,active,452,01,Viettel,true,false,true,2022-08-02T04:00:00Z,2022-10-15T04:00:00Z,initial_activation
452010000000139,+84970000139,active,452,01,Viettel,true,false,true,2022-12-23T20:00:00Z,2023-02-25T20:00:00Z,initial_activation
452010000000140,+84970000140,active,452,01,Viettel,true,false,true,2022-03-18T04:00:00Z,2022-06-15T04:00:00Z,initial_activation
452010900000140,+84970000140,active,452,01,Viettel,true,false,true,2022-08-11T04:00:00Z,2022-08-11T04:00:00Z,customer_request
452010000000141,+84970000141,active,452,01,Viettel,true,false,true,2022-08-06T15:00:00Z,2022-08-29T15:00:00Z,initial_activation
452010000000142,+84970000142,active,452,01,Viettel,true,false,true,2022-12-24T00:00:00Z,2023-02-22T00:00:00Z,initial_activation
452010000000143,+84970000143,active,452,01,Viettel,true,false,true,2022-05-08T11:00:00Z,2022-07-06T11:00:00Z,initial_activation
452010000000144,+84970000144,active,452,01,Viettel,true,false,true,2022-08-27T05:00:00Z,2022-11-03T05:00:00Z,initial_activation
452010000000145,+84970000145,active,452,01,Viettel,true,false,true,2022-11-01T18:00:00Z,2023-02-06T18:00:00Z,initial_activation
452010000000146,+84970000146,active,452,01,Viettel,true,false,true,2022-11-11T07:00:00Z,2023-01-15T07:00:00Z,initial_activation
452010000000147,+84970000147,active,452,01,Viettel,true,false,true,2022-10-08T22:00:00Z,2022-10-29T22:00:00Z,initial_activation
452010000000148,+84970000148,active,452,01,Viettel,true,false,true,2022-09-01T22:00:00Z,2022-10-05T22:00:00Z,initial_activation
452010000000149,+84970000149,active,452,01,Viettel,true,false,true,2022-11-23T16:00:00Z,2023-03-02T16:00:00Z,initial_activation
452010000000150,+84970000150,active,452,01,Viettel,true,false,true,2022-09-07T04:00:00Z,2022-10-08T04:00:00Z,initial_activation
452010000000151,+84970000151,active,452,01,Viettel,true,false,true,2022-02-10T06:00:00Z,2022-03-19T06:00:00Z,initial_activation
452010000000152,+84970000152,active,452,01,Viettel,true,false,true,2022-06-21T18:00:00Z,2022-08-30T18:00:00Z,initial_activation
452010000000153,+84970000153,active,452,01,Viettel,true,false,true,2022-03-19T15:00:00Z,2022-05-08T15:00:00Z,initial_activation
452010000000154,+84970000154,active,452,01,Viettel,true,false,true,2022-12-28T14:00:00Z,2023-01-06T14:00:00Z,initial_activation
452010000000155,+84970000155,active,452,01,Viettel,true,false,true,2022-06-20T01:00:00Z,2022-08-19T01:00:00Z,initial_activation
452010000000156,+84970000156,active,452,01,Viettel,true,false,true,2022-04-16T21:00:00Z,2022-06-05T21:00:00Z,initial_activation
452010000000157,+84970000157,active,452,01,Viettel,true,false,true,2022-10-28T06:00:00Z,2022-10-31T06:00:00Z,initial_activation
452010000000158,+84970000158,active,452,01,Viettel,true,false,true,2022-10-22T20:00:00Z,2022-12-23T20:00:00Z,initial_activation
452010900000158,+84970000158,active,452,01,Viettel,true,false,true,2023-04-22T20:00:00Z,2023-04-22T20:00:00Z,customer_request
452010000000159,+84970000159,active,452,01,Viettel,true,false,true,2022-06-02T20:00:00Z,2022-07-26T20:00:00Z,initial_activation
452010000000160,+84970000160,active,452,01,Viettel,true,false,true,2022-10-08T03:00:00Z,2022-11-06T03:00:00Z,initial_activation
452010000000161,+84970000161,active,452,01,Viettel,true,false,true,2022-05-20T21:00:00Z,2022-07-22T21:00:00Z,initial_activation
452010000000162,+84970000162,active,452,01,Viettel,true,false,true,2022-06-23T05:00:00Z,2022-09-18T05:00:00Z,initial_activation
452010000000163,+84970000163,active,452,01,Viettel,true,false,true,2022-03-26T22:00:00Z,2022-04-12T22:00:00Z,initial_activation
452010000000164,+84970000164,active,452,01,Viettel,true,false,true,2022-10-01T08:00:00Z,2022-11-21T08:00:00Z,initial_activation
452010000000165,+84970000165,active,452,01,Viettel,true,false,true,2022-12-06T08:00:00Z,2022-12-17T08:00:00Z,initial_activation
452010000000166,+84970000166,active,452,01,Viettel,true,false,true,2022-03-11T22:00:00Z,2022-04-04T22:00:00Z,initial_activation
452010000000167,+84970000167,active,452,01,Viettel,true,false,true,2022-07-14T18:00:00Z,2022-08-11T18:00:00Z,initial_activation
452010000000168,+84970000168,active,452,01,Viettel,true,false,true,2022-06-22T20:00:00Z,2022-07-28T20:00:00Z,initial_activation
452010000000169,+84970000169,active,452,01,Viettel,true,false,true,2022-08-04T16:00:00Z,2022-08-15T16:00:00Z,initial_activation
452010000000170,+84970000170,active,452,01,Viettel,true,false,true,2022-10-04T09:00:00Z,2022-11-18T09:00:00Z,initial_activation
452010000000171,+84970000171,active,452,01,Viettel,true,false,true,2022-02-06T04:00:00Z,2022-02-12T04:00:00Z,initial_activation
452010000000172,+84970000172,active,452,01,Viettel,true,false,true,2022-05-07T14:00:00Z,2022-05-10T14:00:00Z,initial_activation
452010000000173,+84970000173,active,452,01,Viettel,true,false,true,2022-05-03T12:00:00Z,2022-07-03T12:00:00Z,initial_activation
452010000000174,+84970000174,active,452,01,Viettel,true,false,true,2022-10-16T14:00:00Z,2022-12-15T14:00:00Z,initial_activation
452010000000175,+84970000175,active,452,01,Viettel,true,false,true,2022-07-08T13:00:00Z,2022-09-24T13:00:00Z,initial_activation
452010000000176,+84970000176,active,452,01,Viettel,true,false,true,2022-02-28T13:00:00Z,2022-04-09T13:00:00Z,initial_activation
452010000000177,+84970000177,active,452,01,Viettel,true,false,true,2022-01-14T17:00:00Z,2022-03-29T17:00:00Z,initial_activation
452010000000178,+84970000178,active,452,01,Viettel,true,false,true,2022-07-12T20:00:00Z,2022-10-12T20:00:00Z,initial_activation
452010000000179,+84970000179,active,452,01,Viettel,true,false,true,2022-11-01T06:00:00Z,2023-01-21T06:00:00Z,initial_activation
452010000000180,+84970000180,active,452,01,Viettel,true,false,true,2022-12-23T17:00:00Z,2023-03-21T17:00:00Z,initial_activation
452010000000181,+84970000181,active,452,01,Viettel,true,false,true,2022-03-04T02:00:00Z,2022-03-10T02:00:00Z,initial_activation
452010000000182,+84970000182,active,452,01,Viettel,true,false,true,2022-08-09T05:00:00Z,2022-09-26T05:00:00Z,initial_activation
452010000000183,+84970000183,active,452,01,Viettel,true,false,true,2022-11-28T18:00:00Z,2022-11-30T18:00:00Z,initial_activation
452010000000184,+84970000184,active,452,01,Viettel,true,false,true,2022-09-08T11:00:00Z,2022-11-03T11:00:00Z,initial_activation
452010000000185,+84970000185,active,452,01,Viettel,true,false,true,2022-11-22T22:00:00Z,2023-02-21T22:00:00Z,initial_activation
452010000000186,+84970000186,active,452,01,Viettel,true,false,true,2022-04-02T07:00:00Z,2022-06-08T07:00:00Z,initial_activation
452010000000187,+84970000187,active,452,01,Viettel,true,false,true,2022-05-20T03:00:00Z,2022-07-28T03:00:00Z,initial_activation
452010000000188,+84970000188,active,452,01,Viettel,true,false,true,2022-08-27T21:00:00Z,2022-11-29T21:00:00Z,initial_activation
452010000000189,+84970000189,active,452,01,Viettel,true,false,true,2022-06-15T15:00:00Z,2022-06-27T15:00:00Z,initial_activation
452010000000190,+84970000190,active,452,01,Viettel,true,false,true,2022-08-19T15:00:00Z,2022-11-24T15:00:00Z,initial_activation
452010000000191,+84970000191,active,452,01,Viettel,true,false,true,2022-11-10T05:00:00Z,2022-12-29T05:00:00Z,initial_activation
452010000000192,+84970000192,active,452,01,Viettel,true,false,true,2022-09-11T18:00:00Z,2022-10-05T18:00:00Z,initial_activation
452010000000193,+84970000193,active,452,01,Viettel,true,false,true,2022-07-01T16:00:00Z,2022-08-14T16:00:00Z,initial_activation
452010000000194,+84970000194,active,452,01,Viettel,true,false,true,2022-11-03T06:00:00Z,2022-12-09T06:00:00Z,initial_activation
452010000000195,+84970000195,active,452,01,Viettel,true,false,true,2022-09-22T14:00:00Z,2022-10-03T14:00:00Z,initial_activation
452010000000196,+84970000196,active,452,01,Viettel,true,false,true,2022-07-28T23:00:00Z,2022-10-08T23:00:00Z,initial_activation
452010000000197,+84970000197,active,452,01,Viettel,true,false,true,2022-12-20T23:00:00Z,2023-03-13T23:00:00Z,initial_activation
452010000000198,+84970000198,active,452,01,Viettel,true,false,true,2022-08-18T08:00:00Z,2022-08-30T08:00:00Z,initial_activation
452010000000199,+84970000199,active,452,01,Viettel,true,false,true,2022-07-28T06:00:00Z,2022-08-29T06:00:00Z,initial_activation
452010000000200,+84970000200,active,452,01,Viettel,true,false,true,2022-10-25T19:00:00Z,2022-12-25T19:00:00Z,initial_activation
452010000000201,+84970000201,active,452,01,Viettel,true,false,true,2022-06-26T21:00:00Z,2022-09-30T21:00:00Z,initial_activation
452010000000202,+84970000202,active,452,01,Viettel,true,false,true,2022-07-01T06:00:00Z,2022-08-29T06:00:00Z,initial_activation
452010000000203,+84970000203,active,452,01,Viettel,true,false,true,2022-05-09T15:00:00Z,2022-05-25T15:00:00Z,initial_activation
452010000000204,+84970000204,active,452,01,Viettel,true,false,true,2022-06-11T11:00:00Z,2022-09-15T11:00:00Z,initial_activation
452010000000205,+84970000205,active,452,01,Viettel,true,false,true,2022-12-20T13:00:00Z,2023-01-14T13:00:00Z,initial_activation
452010000000206,+84970000206,active,452,01,Viettel,true,false,true,2022-09-05T16:00:00Z,2022-12-07T16:00:00Z,initial_activation
452010000000207,+84970000207,active,452,01,Viettel,true,false,true,2022-09-27T03:00:00Z,2022-11-03T03:00:00Z,initial_activation
452010000000208,+84970000208,active,452,01,Viettel,true,false,true,2022-04-10T17:00:00Z,2022-05-10T17:00:00Z,initial_activation
452010000000209,+84970000209,active,452,01,Viettel,true,false,true,2022-06-04T08:00:00Z,2022-09-03T08:00:00Z,initial_activation
452010000000210,+84970000210,active,452,01,Viettel,true,false,true,2022-05-21T09:00:00Z,2022-05-28T09:00:00Z,initial_activation
452010000000211,+84970000211,active,452,01,Viettel,true,false,true,2022-12-24T12:00:00Z,2023-03-16T12:00:00Z,initial_activation
452010000000212,+84970000212,active,452,01,Viettel,true,false,true,2022-09-09T11:00:00Z,2022-09-11T11:00:00Z,initial_activation
452010000000213,+84970000213,active,452,01,Viettel,true,false,true,2022-08-29T23:00:00Z,2022-10-25T23:00:00Z,initial_activation
452010000000214,+84970000214,active,452,01,Viettel,true,false,true,2022-01-27T16:00:00Z,2022-03-30T16:00:00Z,initial_activation
452010000000215,+84970000215,active,452,01,Viettel,true,false,true,2022-02-03T20:00:00Z,2022-04-07T20:00:00Z,initial_activation
452010000000216,+84970000216,active,452,01,Viettel,true,false,true,2022-11-20T05:00:00Z,2022-11-27T05:00:00Z,initial_activation
452010000000217,+84970000217,active,452,01,Viettel,true,false,true,2022-10-16T17:00:00Z,2022-10-27T17:00:00Z,initial_activation
452010000000218,+84970000218,active,452,01,Viettel,true,false,true,2022-03-03T01:00:00Z,2022-06-09T01:00:00Z,initial_activation
452010000000219,+84970000219,active,452,01,Viettel,true,false,true,2022-11-03T03:00:00Z,2022-12-02T03:00:00Z,initial_activation
452010000000220,+84970000220,active,452,01,Viettel,true,false,true,2022-07-14T22:00:00Z,2022-09-09T22:00:00Z,initial_activation
452010000000221,+84970000221,active,452,01,Viettel,true,false,true,2022-10-29T21:00:00Z,2022-12-08T21:00:00Z,initial_activation
452010000000222,+84970000222,active,452,01,Viettel,true,false,true,2022-02-01T03:00:00Z,2022-05-07T03:00:00Z,initial_activation
452010000000223,+84970000223,active,452,01,Viettel,true,false,true,2022-04-18T04:00:00Z,2022-05-16T04:00:00Z,initial_activation
452010000000224,+84970000224,active,452,01,Viettel,true,false,true,2022-02-11T13:00:00Z,2022-03-14T13:00:00Z,initial_activation
452010000000225,+84970000225,active,452,01,Viettel,true,false,true,2022-02-08T13:00:00Z,2022-02-09T13:00:00Z,initial_activation
452010000000226,+84970000226,active,452,01,Viettel,true,false,true,2022-12-20T03:00:00Z,2023-02-19T03:00:00Z,initial_activation
452010000000227,+84970000227,active,452,01,Viettel,true,false,true,2022-04-29T17:00:00Z,2022-07-29T17:00:00Z,initial_activation
452010000000228,+84970000228,active,452,01,Viettel,true,false,true,2022-08-21T10:00:00Z,2022-11-17T10:00:00Z,initial_activation
452010000000229,+84970000229,active,452,01,Viettel,true,false,true,2022-05-17T04:00:00Z,2022-08-01T04:00:00Z,initial_activation
452010000000230,+84970000230,active,452,01,Viettel,true,false,true,2022-04-12T21:00:00Z,2022-04-27T21:00:00Z,initial_activation
452010000000231,+84970000231,active,452,01,Viettel,true,false,true,2022-11-28T12:00:00Z,2023-01-02T12:00:00Z,initial_activation
452010000000232,+84970000232,active,452,01,Viettel,true,false,true,2022-02-06T09:00:00Z,2022-02-28T09:00:00Z,initial_activation
452010000000233,+84970000233,active,452,01,Viettel,true,false,true,2022-11-02T07:00:00Z,2023-01-14T07:00:00Z,initial_activation
452010000000234,+84970000234,active,452,01,Viettel,true,false,true,2022-08-13T11:00:00Z,2022-10-12T11:00:00Z,initial_activation
452010000000235,+84970000235,active,452,01,Viettel,true,false,true,2022-12-25T20:00:00Z,2023-01-29T20:00:00Z,initial_activation
452010000000236,+84970000236,active,452,01,Viettel,true,false,true,2022-09-10T22:00:00Z,2022-09-21T22:00:00Z,initial_activation
452010000000237,+84970000237,active,452,01,Viettel,true,false,true,2022-08-11T07:00:00Z,2022-09-22T07:00:00Z,initial_activation
452010000000238,+84970000238,active,452,01,Viettel,true,false,true,2022-01-14T10:00:00Z,2022-02-13T10:00:00Z,initial_activation
452010000000239,+84970000239,active,452,01,Viettel,true,false,true,2022-10-23T02:00:00Z,2022-10-26T02:00:00Z,initial_activation
452010000000240,+84970000240,active,452,01,Viettel,true,false,true,2022-12-11T16:00:00Z,2023-02-23T16:00:00Z,initial_activation
452010000000241,+84970000241,active,452,01,Viettel,true,false,true,2022-03-31T23:00:00Z,2022-06-06T23:00:00Z,initial_activation
452010000000242,+84970000242,active,452,01,Viettel,true,false,true,2022-05-23T13:00:00Z,2022-08-06T13:00:00Z,initial_activation
452010000000243,+84970000243,active,452,01,Viettel,true,false,true,2022-09-09T10:00:00Z,2022-11-09T10:00:00Z,initial_activation
452010000000244,+84970000244,active,452,01,Viettel,true,false,true,2022-06-20T18:00:00Z,2022-09-14T18:00:00Z,initial_activation
452010000000245,+84970000245,active,452,01,Viettel,true,false,true,2022-03-24T18:00:00Z,2022-05-16T18:00:00Z,initial_activation
452010000000246,+84970000246,active,452,01,Viettel,true,false,true,2022-05-29T05:00:00Z,2022-07-20T05:00:00Z,initial_activation
452010000000247,+84970000247,active,452,01,Viettel,true,false,true,2022-10-09T09:00:00Z,2022-12-07T09:00:00Z,initial_activation
452010000000248,+84970000248,active,452,01,Viettel,true,false,true,2022-05-10T18:00:00Z,2022-05-25T18:00:00Z,initial_activation
452010000000249,+84970000249,active,452,01,Viettel,true,false,true,2022-07-27T00:00:00Z,2022-07-28T00:00:00Z,initial_activation
452010000000250,+84970000250,active,452,01,Viettel,true,false,true,2022-10-05T22:00:00Z,2022-11-27T22:00:00Z,initial_activation
452010000000251,+84970000251,active,452,01,Viettel,true,false,true,2022-09-23T19:00:00Z,2022-12-12T19:00:00Z,initial_activation
452010000000252,+84970000252,active,452,01,Viettel,true,false,true,2022-11-17T22:00:00Z,2023-02-23T22:00:00Z,initial_activation
452010000000253,+84970000253,active,452,01,Viettel,true,false,true,2022-05-18T01:00:00Z,2022-06-04T01:00:00Z,initial_activation
452010000000254,+84970000254,active,452,01,Viettel,true,false,true,2022-08-14T06:00:00Z,2022-10-16T06:00:00Z,initial_activation
452010000000255,+84970000255,active,452,01,Viettel,true,false,true,2022-11-20T03:00:00Z,2022-12-21T03:00:00Z,initial_activation
452010000000256,+84970000256,active,452,01,Viettel,true,false,true,2022-06-10T01:00:00Z,2022-06-12T01:00:00Z,initial_activation
452010000000257,+84970000257,active,452,01,Viettel,true,false,true,2022-02-17T15:00:00Z,2022-03-04T15:00:00Z,initial_activation
452010000000258,+84970000258,active,452,01,Viettel,true,false,true,2022-03-03T04:00:00Z,2022-03-23T04:00:00Z,initial_activation
452010000000259,+84970000259,active,452,01,Viettel,true,false,true,2022-05-31T00:00:00Z,2022-08-30T00:00:00Z,initial_activation
452010000000260,+84970000260,active,452,01,Viettel,true,false,true,2022-09-05T23:00:00Z,2022-10-07T23:00:00Z,initial_activation
452010000000261,+84970000261,active,452,01,Viettel,true,false,true,2022-03-16T20:00:00Z,2022-04-10T20:00:00Z,initial_activation
452010000000262,+84970000262,active,452,01,Viettel,true,false,true,2022-09-19T07:00:00Z,2022-10-07T07:00:00Z,initial_activation
452010000000263,+84970000263,active,452,01,Viettel,true,false,true,2022-05-22T21:00:00Z,2022-07-05T21:00:00Z,initial_activation
452010000000264,+84970000264,active,452,01,Viettel,true,false,true,2022-09-17T16:00:00Z,2022-09-18T16:00:00Z,initial_activation
452010000000265,+84970000265,active,452,01,Viettel,true,false,true,2022-06-03T02:00:00Z,2022-08-17T02:00:00Z,initial_activation
452010000000266,+84970000266,active,452,01,Viettel,true,false,true,2022-09-08T12:00:00Z,2022-11-05T12:00:00Z,initial_activation
452010000000267,+84970000267,active,452,01,Viettel,true,false,true,2022-06-26T18:00:00Z,2022-09-05T18:00:00Z,initial_activation
452010000000268,+84970000268,active,452,01,Viettel,true,false,true,2022-07-13T22:00:00Z,2022-08-24T22:00:00Z,initial_activation
452010000000269,+84970000269,active,452,01,Viettel,true,false,true,2022-12-24T15:00:00Z,2023-03-08T15:00:00Z,initial_activation
452010000000270,+84970000270,active,452,01,Viettel,true,false,true,2022-07-30T09:00:00Z,2022-09-09T09:00:00Z,initial_activation
452010000000271,+84970000271,active,452,01,Viettel,true,false,true,2022-12-28T20:00:00Z,2023-02-16T20:00:00Z,initial_activation
452010000000272,+84970000272,active,452,01,Viettel,true,false,true,2022-11-30T12:00:00Z,2023-02-02T12:00:00Z,initial_activation
452010000000273,+84970000273,active,452,01,Viettel,true,false,true,2022-03-07T00:00:00Z,2022-05-22T00:00:00Z,initial_activation
452010000000274,+84970000274,active,452,01,Viettel,true,false,true,2022-02-21T22:00:00Z,2022-03-06T22:00:00Z,initial_activation
452010000000275,+84970000275,active,452,01,Viettel,true,false,true,2022-08-22T08:00:00Z,2022-11-23T08:00:00Z,initial_activation
452010000000276,+84970000276,active,452,01,Viettel,true,false,true,2022-12-02T12:00:00Z,2022-12-12T12:00:00Z,initial_activation
452010000000277,+84970000277,active,452,01,Viettel,true,false,true,2022-05-16T18:00:00Z,2022-08-04T18:00:00Z,initial_activation
452010000000278,+84970000278,active,452,01,Viettel,true,false,true,2022-11-29T10:00:00Z,2023-01-11T10:00:00Z,initial_activation
452010000000279,+84970000279,active,452,01,Viettel,true,false,true,2022-10-01T20:00:00Z,2022-11-11T20:00:00Z,initial_activation
452010000000280,+84970000280,active,452,01,Viettel,true,false,true,2022-09-08T01:00:00Z,2022-09-13T01:00:00Z,initial_activation
452010000000281,+84970000281,active,452,01,Viettel,true,false,true,2022-05-02T04:00:00Z,2022-07-29T04:00:00Z,initial_activation
452010000000282,+84970000282,active,452,01,Viettel,true,false,true,2022-04-28T07:00:00Z,2022-05-10T07:00:00Z,initial_activation
452010000000283,+84970000283,active,452,01,Viettel,true,false,true,2022-02-21T04:00:00Z,2022-05-23T04:00:00Z,initial_activation
452010000000284,+84970000284,active,452,01,Viettel,true,false,true,2022-08-16T13:00:00Z,2022-11-13T13:00:00Z,initial_activation
452010000000285,+84970000285,active,452,01,Viettel,true,false,true,2022-01-15T09:00:00Z,2022-02-26T09:00:00Z,initial_activation
452010000000286,+84970000286,active,452,01,Viettel,true,false,true,2022-05-31T19:00:00Z,2022-07-18T19:00:00Z,initial_activation
452010000000287,+84970000287,active,452,01,Viettel,true,false,true,2022-05-07T00:00:00Z,2022-06-29T00:00:00Z,initial_activation
452010000000288,+84970000288,active,452,01,Viettel,true,false,true,2022-04-03T13:00:00Z,2022-04-26T13:00:00Z,initial_activation
452010000000289,+84970000289,active,452,01,Viettel,true,false,true,2022-07-16T03:00:00Z,2022-10-12T03:00:00Z,initial_activation
452010000000290,+84970000290,active,452,01,Viettel,true,false,true,2022-10-26T12:00:00Z,2022-11-25T12:00:00Z,initial_activation
452010000000291,+84970000291,active,452,01,Viettel,true,false,true,2022-05-11T22:00:00Z,2022-06-13T22:00:00Z,initial_activation
452010000000292,+84970000292,active,452,01,Viettel,true,false,true,2022-08-27T17:00:00Z,2022-11-22T17:00:00Z,initial_activation
452010000000293,+84970000293,active,452,01,Viettel,true,false,true,2022-02-07T22:00:00Z,2022-03-24T22:00:00Z,initial_activation
452010000000294,+84970000294,active,452,01,Viettel,true,false,true,2022-06-04T04:00:00Z,2022-07-29T04:00:00Z,initial_activation
452010000000295,+84970000295,active,452,01,Viettel,true,false,true,2022-08-22T17:00:00Z,2022-09-17T17:00:00Z,initial_activation
452010000000296,+84970000296,active,452,01,Viettel,true,false,true,2022-09-05T11:00:00Z,2022-10-06T11:00:00Z,initial_activation
452010000000297,+84970000297,active,452,01,Viettel,true,false,true,2022-07-04T02:00:00Z,2022-08-11T02:00:00Z,initial_activation
452010000000298,+84970000298,active,452,01,Viettel,true,false,true,2022-06-01T08:00:00Z,2022-08-25T08:00:00Z,initial_activation
452010000000299,+84970000299,active,452,01,Viettel,true,false,true,2022-01-06T02:00:00Z,2022-04-04T02:00:00Z,initial_activation
452010000000300,+84970000300,active,452,01,Viettel,true,false,true,2022-01-27T03:00:00Z,2022-05-03T03:00:00Z,initial_activation
452010000000301,+84970000301,active,452,01,Viettel,true,false,true,2022-05-27T15:00:00Z,2022-08-13T15:00:00Z,initial_activation
452010000000302,+84970000302,active,452,01,Viettel,true,false,true,2022-04-24T04:00:00Z,2022-05-19T04:00:00Z,initial_activation
452010000000303,+84970000303,active,452,01,Viettel,true,false,true,2022-12-15T07:00:00Z,2023-03-24T07:00:00Z,initial_activation
452010000000304,+84970000304,active,452,01,Viettel,true,false,true,2022-03-13T04:00:00Z,2022-03-26T04:00:00Z,initial_activation
452010000000305,+84970000305,active,452,01,Viettel,true,false,true,2022-11-27T09:00:00Z,2023-01-06T09:00:00Z,initial_activation
452010000000306,+84970000306,active,452,01,Viettel,true,false,true,2022-01-19T02:00:00Z,2022-03-07T02:00:00Z,initial_activation
452010000000307,+84970000307,active,452,01,Viettel,true,false,true,2022-02-16T17:00:00Z,2022-03-30T17:00:00Z,initial_activation
452010000000308,+84970000308,active,452,01,Viettel,true,false,true,2022-03-31T14:00:00Z,2022-04-17T14:00:00Z,initial_activation
452010000000309,+84970000309,active,452,01,Viettel,true,false,true,2022-07-08T00:00:00Z,2022-09-11T00:00:00Z,initial_activation
452010000000310,+84970000310,active,452,01,Viettel,true,false,true,2022-03-26T16:00:00Z,2022-05-27T16:00:00Z,initial_activation
452010000000311,+84970000311,active,452,01,Viettel,true,false,true,2022-06-02T07:00:00Z,2022-07-16T07:00:00Z,initial_activation
452010000000312,+84970000312,active,452,01,Viettel,true,false,true,2022-08-28T10:00:00Z,2022-09-16T10:00:00Z,initial_activation
452010000000313,+84970000313,active,452,01,Viettel,true,false,true,2022-04-27T05:00:00Z,2022-07-29T05:00:00Z,initial_activation
452010000000314,+84970000314,active,452,01,Viettel,true,false,true,2022-07-24T01:00:00Z,2022-09-09T01:00:00Z,initial_activation
452010000000315,+84970000315,active,452,01,Viettel,true,false,true,2022-07-22T08:00:00Z,2022-08-25T08:00:00Z,initial_activation
452010000000316,+84970000316,active,452,01,Viettel,true,false,true,2022-08-21T19:00:00Z,2022-11-16T19:00:00Z,initial_activation
452010000000317,+84970000317,active,452,01,Viettel,true,false,true,2022-05-16T02:00:00Z,2022-07-04T02:00:00Z,initial_activation
452010000000318,+84970000318,active,452,01,Viettel,true,false,true,2022-07-10T11:00:00Z,2022-10-05T11:00:00Z,initial_activation
452010000000319,+84970000319,active,452,01,Viettel,true,false,true,2022-01-14T03:00:00Z,2022-03-27T03:00:00Z,initial_activation
452010000000320,+84970000320,active,452,01,Viettel,true,false,true,2022-11-09T15:00:00Z,2023-01-31T15:00:00Z,initial_activation
452010000000321,+84970000321,active,452,01,Viettel,true,false,true,2022-08-27T06:00:00Z,2022-10-05T06:00:00Z,initial_activation
452010000000322,+84970000322,active,452,01,Viettel,true,false,true,2022-03-01T12:00:00Z,2022-03-07T12:00:00Z,initial_activation
452010000000323,+84970000323,active,452,01,Viettel,true,false,true,2022-06-05T23:00:00Z,2022-06-20T23:00:00Z,initial_activation
452010000000324,+84970000324,active,452,01,Viettel,true,false,true,2022-10-03T12:00:00Z,2022-11-22T12:00:00Z,initial_activation
452010000000325,+84970000325,active,452,01,Viettel,true,false,true,2022-12-11T07:00:00Z,2023-03-11T07:00:00Z,initial_activation
452010000000326,+84970000326,active,452,01,Viettel,true,false,true,2022-08-04T02:00:00Z,2022-11-08T02:00:00Z,initial_activation
452010000000327,+84970000327,active,452,01,Viettel,true,false,true,2022-08-02T04:00:00Z,2022-08-15T04:00:00Z,initial_activation
452010000000328,+84970000328,active,452,01,Viettel,true,false,true,2022-11-12T21:00:00Z,2022-12-18T21:00:00Z,initial_activation
452010000000329,+84970000329,active,452,01,Viettel,true,false,true,2022-07-09T14:00:00Z,2022-09-04T14:00:00Z,initial_activation
452010000000330,+84970000330,active,452,01,Viettel,true,false,true,2022-05-01T19:00:00Z,2022-05-14T19:00:00Z,initial_activation
452010000000331,+84970000331,active,452,01,Viettel,true,false,true,2022-07-09T01:00:00Z,2022-09-30T01:00:00Z,initial_activation
452010000000332,+84970000332,active,452,01,Viettel,true,false,true,2022-07-23T16:00:00Z,2022-08-17T16:00:00Z,initial_activation
452010000000333,+84970000333,active,452,01,Viettel,true,false,true,2022-08-21T10:00:00Z,2022-11-14T10:00:00Z,initial_activation
452010000000334,+84970000334,active,452,01,Viettel,true,false,true,2022-11-25T03:00:00Z,2022-11-28T03:00:00Z,initial_activation
452010000000335,+84970000335,active,452,01,Viettel,true,false,true,2022-06-20T15:00:00Z,2022-07-07T15:00:00Z,initial_activation
452010000000336,+84970000336,active,452,01,Viettel,true,false,true,2022-04-16T10:00:00Z,2022-07-23T10:00:00Z,initial_activation
452010000000337,+84970000337,active,452,01,Viettel,true,false,true,2022-10-28T14:00:00Z,2022-11-27T14:00:00Z,initial_activation
452010000000338,+84970000338,active,452,01,Viettel,true,false,true,2022-03-18T03:00:00Z,2022-03-19T03:00:00Z,initial_activation
452010000000339,+84970000339,active,452,01,Viettel,true,false,true,2022-03-16T12:00:00Z,2022-05-25T12:00:00Z,initial_activation
452010000000340,+84970000340,active,452,01,Viettel,true,false,true,2022-03-31T11:00:00Z,2022-06-24T11:00:00Z,initial_activation
452010000000341,+84970000341,active,452,01,Viettel,true,false,true,2022-03-09T08:00:00Z,2022-04-24T08:00:00Z,initial_activation
452010000000342,+84970000342,active,452,01,Viettel,true,false,true,2022-05-03T02:00:00Z,2022-06-14T02:00:00Z,initial_activation
452010900000342,+84970000342,active,452,01,Viettel,true,false,true,2022-09-19T02:00:00Z,2022-09-19T02:00:00Z,customer_request
452010000000343,+84970000343,active,452,01,Viettel,true,false,true,2022-01-27T12:00:00Z,2022-05-02T12:00:00Z,initial_activation
452010000000344,+84970000344,active,452,01,Viettel,true,false,true,2022-03-01T07:00:00Z,2022-03-10T07:00:00Z,initial_activation
452010000000345,+84970000345,active,452,01,Viettel,true,false,true,2022-07-06T00:00:00Z,2022-09-20T00:00:00Z,initial_activation
452010000000346,+84970000346,active,452,01,Viettel,true,false,true,2022-09-15T15:00:00Z,2022-12-03T15:00:00Z,initial_activation
452010000000347,+84970000347,active,452,01,Viettel,true,false,true,2022-12-05T00:00:00Z,2023-01-13T00:00:00Z,initial_activation
452010000000348,+84970000348,active,452,01,Viettel,true,false,true,2022-01-16T09:00:00Z,2022-03-19T09:00:00Z,initial_activation
452010000000349,+84970000349,active,452,01,Viettel,true,false,true,2022-08-08T05:00:00Z,2022-08-22T05:00:00Z,initial_activation
452010000000350,+84970000350,active,452,01,Viettel,true,false,true,2022-08-16T10:00:00Z,2022-08-27T10:00:00Z,initial_activation
452010000000351,+84970000351,active,452,01,Viettel,true,false,true,2022-03-17T10:00:00Z,2022-04-03T10:00:00Z,initial_activation
452010000000352,+84970000352,active,452,01,Viettel,true,false,true,2022-11-22T02:00:00Z,2023-02-01T02:00:00Z,initial_activation
452010000000353,+84970000353,active,452,01,Viettel,true,false,true,2022-07-16T03:00:00Z,2022-09-22T03:00:00Z,initial_activation
452010000000354,+84970000354,active,452,01,Viettel,true,false,true,2022-09-17T03:00:00Z,2022-11-12T03:00:00Z,initial_activation
452010000000355,+84970000355,active,452,01,Viettel,true,false,true,2022-12-26T11:00:00Z,2023-03-20T11:00:00Z,initial_activation
452010000000356,+84970000356,active,452,01,Viettel,true,false,true,2022-10-11T07:00:00Z,2022-11-08T07:00:00Z,initial_activation
452010000000357,+84970000357,active,452,01,Viettel,true,false,true,2022-04-27T21:00:00Z,2022-06-10T21:00:00Z,initial_activation
452010000000358,+84970000358,active,452,01,Viettel,true,false,true,2022-07-24T21:00:00Z,2022-10-26T21:00:00Z,initial_activation
452010000000359,+84970000359,active,452,01,Viettel,true,false,true,2022-08-07T18:00:00Z,2022-11-01T18:00:00Z,initial_activation
452010000000360,+84970000360,active,452,01,Viettel,true,false,true,2022-03-21T05:00:00Z,2022-05-21T05:00:00Z,initial_activation
452010000000361,+84970000361,active,452,01,Viettel,true,false,true,2022-02-13T10:00:00Z,2022-04-10T10:00:00Z,initial_activation
452010000000362,+84970000362,active,452,01,Viettel,true,false,true,2022-07-10T12:00:00Z,2022-09-20T12:00:00Z,initial_activation
452010000000363,+84970000363,active,452,01,Viettel,true,false,true,2022-10-16T01:00:00Z,2022-11-28T01:00:00Z,initial_activation
452010000000364,+84970000364,active,452,01,Viettel,true,false,true,2022-07-30T19:00:00Z,2022-10-24T19:00:00Z,initial_activation
452010000000365,+84970000365,active,452,01,Viettel,true,false,true,2022-08-06T07:00:00Z,2022-08-13T07:00:00Z,initial_activation
452010000000366,+84970000366,active,452,01,Viettel,true,false,true,2022-11-04T17:00:00Z,2022-12-20T17:00:00Z,initial_activation
452010000000367,+84970000367,active,452,01,Viettel,true,false,true,2022-09-17T14:00:00Z,2022-10-07T14:00:00Z,initial_activation
452010000000368,+84970000368,active,452,01,Viettel,true,false,true,2022-04-25T11:00:00Z,2022-06-09T11:00:00Z,initial_activation
452010000000369,+84970000369,active,452,01,Viettel,true,false,true,2022-07-08T11:00:00Z,2022-10-14T11:00:00Z,initial_activation
452010000000370,+84970000370,active,452,01,Viettel,true,false,true,2022-04-26T21:00:00Z,2022-07-07T21:00:00Z,initial_activation
452010000000371,+84970000371,active,452,01,Viettel,true,false,true,2022-11-16T03:00:00Z,2023-02-11T03:00:00Z,initial_activation
452010000000372,+84970000372,active,452,01,Viettel,true,false,true,2022-01-15T03:00:00Z,2022-04-10T03:00:00Z,initial_activation
452010000000373,+84970000373,active,452,01,Viettel,true,false,true,2022-05-17T08:00:00Z,2022-06-10T08:00:00Z,initial_activation
452010000000374,+84970000374,active,452,01,Viettel,true,false,true,2022-06-08T18:00:00Z,2022-07-23T18:00:00Z,initial_activation
452010900000374,+84970000374,active,452,01,Viettel,true,false,true,2022-09-27T18:00:00Z,2022-09-27T18:00:00Z,customer_request
452010000000375,+84970000375,active,452,01,Viettel,true,false,true,2022-10-18T05:00:00Z,2022-12-09T05:00:00Z,initial_activation
452010000000376,+84970000376,active,452,01,Viettel,true,false,true,2022-11-21T08:00:00Z,2022-12-03T08:00:00Z,initial_activation
452010000000377,+84970000377,active,452,01,Viettel,true,false,true,2022-04-21T20:00:00Z,2022-06-14T20:00:00Z,initial_activation
452010000000378,+84970000378,active,452,01,Viettel,true,false,true,2022-03-22T19:00:00Z,2022-05-01T19:00:00Z,initial_activation
452010000000379,+84970000379,active,452,01,Viettel,true,false,true,2022-10-19T03:00:00Z,2022-10-30T03:00:00Z,initial_activation
452010000000380,+84970000380,active,452,01,Viettel,true,false,true,2022-03-21T13:00:00Z,2022-06-26T13:00:00Z,initial_activation
452010000000381,+84970000381,active,452,01,Viettel,true,false,true,2022-12-12T10:00:00Z,2023-01-16T10:00:00Z,initial_activation
452010000000382,+84970000382,active,452,01,Viettel,true,false,true,2022-08-06T23:00:00Z,2022-10-23T23:00:00Z,initial_activation
452010000000383,+84970000383,active,452,01,Viettel,true,false,true,2022-05-20T14:00:00Z,2022-08-25T14:00:00Z,initial_activation
452010000000384,+84970000384,active,452,01,Viettel,true,false,true,2022-06-26T21:00:00Z,2022-07-11T21:00:00Z,initial_activation
452010000000385,+84970000385,active,452,01,Viettel,true,false,true,2022-12-15T02:00:00Z,2023-02-16T02:00:00Z,initial_activation
452010000000386,+84970000386,active,452,01,Viettel,true,false,true,2022-06-07T09:00:00Z,2022-07-06T09:00:00Z,initial_activation
452010000000387,+84970000387,active,452,01,Viettel,true,false,true,2022-11-03T09:00:00Z,2022-11-04T09:00:00Z,initial_activation
452010000000388,+84970000388,active,452,01,Viettel,true,false,true,2022-04-19T12:00:00Z,2022-07-26T12:00:00Z,initial_activation
452010000000389,+84970000389,active,452,01,Viettel,true,false,true,2022-06-17T11:00:00Z,2022-06-18T11:00:00Z,initial_activation
452010000000390,+84970000390,active,452,01,Viettel,true,false,true,2022-08-09T13:00:00Z,2022-08-26T13:00:00Z,initial_activation
452010000000391,+84970000391,active,452,01,Viettel,true,false,true,2022-12-27T15:00:00Z,2023-03-02T15:00:00Z,initial_activation
452010000000392,+84970000392,active,452,01,Viettel,true,false,true,2022-12-09T19:00:00Z,2022-12-19T19:00:00Z,initial_activation
452010000000393,+84970000393,active,452,01,Viettel,true,false,true,2022-01-22T21:00:00Z,2022-01-25T21:00:00Z,initial_activation
452010000000394,+84970000394,active,452,01,Viettel,true,false,true,2022-02-09T18:00:00Z,2022-04-24T18:00:00Z,initial_activation
452010000000395,+84970000395,active,452,01,Viettel,true,false,true,2022-07-28T06:00:00Z,2022-10-18T06:00:00Z,initial_activation
452010000000396,+84970000396,active,452,01,Viettel,true,false,true,2022-02-28T20:00:00Z,2022-03-03T20:00:00Z,initial_activation
452010000000397,+84970000397,active,452,01,Viettel,true,false,true,2022-03-30T03:00:00Z,2022-05-28T03:00:00Z,initial_activation
452010000000398,+84970000398,active,452,01,Viettel,true,false,true,2022-07-05T10:00:00Z,2022-08-30T10:00:00Z,initial_activation
452010000000399,+84970000399,active,452,01,Viettel,true,false,true,2022-05-05T21:00:00Z,2022-07-20T21:00:00Z,initial_activation
452010000000400,+84970000400,active,452,01,Viettel,true,false,true,2022-02-10T20:00:00Z,2022-03-22T20:00:00Z,initial_activation
452010000000401,+84970000401,active,452,01,Viettel,true,false,true,2022-04-24T18:00:00Z,2022-08-02T18:00:00Z,initial_activation
452010000000402,+84970000402,active,452,01,Viettel,true,false,true,2022-09-20T04:00:00Z,2022-10-05T04:00:00Z,initial_activation
452010000000403,+84970000403,active,452,01,Viettel,true,false,true,2022-04-10T19:00:00Z,2022-05-25T19:00:00Z,initial_activation
452010000000404,+84970000404,active,452,01,Viettel,true,false,true,2022-11-27T12:00:00Z,2022-12-28T12:00:00Z,initial_activation
452010000000405,+84970000405,active,452,01,Viettel,true,false,true,2022-05-12T14:00:00Z,2022-06-04T14:00:00Z,initial_activation
452010000000406,+84970000406,active,452,01,Viettel,true,false,true,2022-12-02T10:00:00Z,2022-12-25T10:00:00Z,initial_activation
452010000000407,+84970000407,active,452,01,Viettel,true,false,true,2022-11-18T23:00:00Z,2023-01-17T23:00:00Z,initial_activation
452010000000408,+84970000408,active,452,01,Viettel,true,false,true,2022-10-24T22:00:00Z,2023-01-20T22:00:00Z,initial_activation
452010000000409,+84970000409,active,452,01,Viettel,true,false,true,2022-10-18T04:00:00Z,2023-01-08T04:00:00Z,initial_activation
452010000000410,+84970000410,active,452,01,Viettel,true,false,true,2022-06-16T04:00:00Z,2022-07-27T04:00:00Z,initial_activation
452010000000411,+84970000411,active,452,01,Viettel,true,false,true,2022-02-04T23:00:00Z,2022-04-02T23:00:00Z,initial_activation
452010000000412,+84970000412,active,452,01,Viettel,true,false,true,2022-05-22T02:00:00Z,2022-05-30T02:00:00Z,initial_activation
452010000000413,+84970000413,active,452,01,Viettel,true,false,true,2022-02-07T17:00:00Z,2022-04-08T17:00:00Z,initial_activation
452010000000414,+84970000414,active,452,01,Viettel,true,false,true,2022-01-30T19:00:00Z,2022-03-08T19:00:00Z,initial_activation
452010000000415,+84970000415,active,452,01,Viettel,true,false,true,2022-02-17T03:00:00Z,2022-05-05T03:00:00Z,initial_activation
452010000000416,+84970000416,active,452,01,Viettel,true,false,true,2022-08-26T02:00:00Z,2022-11-05T02:00:00Z,initial_activation
452010000000417,+84970000417,active,452,01,Viettel,true,false,true,2022-01-22T22:00:00Z,2022-04-06T22:00:00Z,initial_activation
452010000000418,+84970000418,active,452,01,Viettel,true,false,true,2022-06-15T03:00:00Z,2022-08-15T03:00:00Z,initial_activation
452010000000419,+84970000419,active,452,01,Viettel,true,false,true,2022-02-01T22:00:00Z,2022-02-15T22:00:00Z,initial_activation
452010000000420,+84970000420,active,452,01,Viettel,true,false,true,2022-06-26T06:00:00Z,2022-07-07T06:00:00Z,initial_activation
452010000000421,+84970000421,active,452,01,Viettel,true,false,true,2022-03-30T09:00:00Z,2022-05-01T09:00:00Z,initial_activation
452010000000422,+84970000422,active,452,01,Viettel,true,false,true,2022-08-14T00:00:00Z,2022-10-20T00:00:00Z,initial_activation
452010000000423,+84970000423,active,452,01,Viettel,true,false,true,2022-07-06T19:00:00Z,2022-08-12T19:00:00Z,initial_activation
452010000000424,+84970000424,active,452,01,Viettel,true,false,true,2022-06-24T05:00:00Z,2022-09-09T05:00:00Z,initial_activation
452010000000425,+84970000425,active,452,01,Viettel,true,false,true,2022-11-21T04:00:00Z,2023-01-03T04:00:00Z,initial_activation
452010000000426,+84970000426,active,452,01,Viettel,true,false,true,2022-02-19T01:00:00Z,2022-05-17T01:00:00Z,initial_activation
452010000000427,+84970000427,active,452,01,Viettel,true,false,true,2022-05-11T07:00:00Z,2022-08-04T07:00:00Z,initial_activation
452010000000428,+84970000428,active,452,01,Viettel,true,false,true,2022-11-05T12:00:00Z,2022-12-18T12:00:00Z,initial_activation
452010000000429,+84970000429,active,452,01,Viettel,true,false,true,2022-12-06T12:00:00Z,2023-01-20T12:00:00Z,initial_activation
452010000000430,+84970000430,active,452,01,Viettel,true,false,true,2022-12-03T06:00:00Z,2023-02-26T06:00:00Z,initial_activation
452010000000431,+84970000431,active,452,01,Viettel,true,false,true,2022-11-02T06:00:00Z,2022-11-13T06:00:00Z,initial_activation
452010000000432,+84970000432,active,452,01,Viettel,true,false,true,2022-07-13T04:00:00Z,2022-08-25T04:00:00Z,initial_activation
452010000000433,+84970000433,active,452,01,Viettel,true,false,true,2022-12-11T06:00:00Z,2023-03-16T06:00:00Z,initial_activation
452010000000434,+84970000434,active,452,01,Viettel,true,false,true,2022-09-27T10:00:00Z,2022-12-19T10:00:00Z,initial_activation
452010000000435,+84970000435,active,452,01,Viettel,true,false,true,2022-09-18T19:00:00Z,2022-09-21T19:00:00Z,initial_activation
452010000000436,+84970000436,active,452,01,Viettel,true,false,true,2022-04-03T14:00:00Z,2022-05-17T14:00:00Z,initial_activation
452010000000437,+84970000437,active,452,01,Viettel,true,false,true,2022-09-06T14:00:00Z,2022-10-05T14:00:00Z,initial_activation
452010000000438,+84970000438,active,452,01,Viettel,true,false,true,2022-03-21T10:00:00Z,2022-04-28T10:00:00Z,initial_activation
452010000000439,+84970000439,active,452,01,Viettel,true,false,true,2022-02-22T00:00:00Z,2022-06-01T00:00:00Z,initial_activation
452010000000440,+84970000440,active,452,01,Viettel,true,false,true,2022-09-27T09:00:00Z,2022-12-21T09:00:00Z,initial_activation
452010000000441,+84970000441,active,452,01,Viettel,true,false,true,2022-11-13T12:00:00Z,2023-01-29T12:00:00Z,initial_activation
452010000000442,+84970000442,active,452,01,Viettel,true,false,true,2022-03-25T13:00:00Z,2022-06-22T13:00:00Z,initial_activation
452010000000443,+84970000443,active,452,01,Viettel,true,false,true,2022-03-27T07:00:00Z,2022-05-23T07:00:00Z,initial_activation
452010000000444,+84970000444,active,452,01,Viettel,true,false,true,2022-07-07T05:00:00Z,2022-10-08T05:00:00Z,initial_activation
452010000000445,+84970000445,active,452,01,Viettel,true,false,true,2022-08-17T03:00:00Z,2022-09-23T03:00:00Z,initial_activation
452010000000446,+84970000446,active,452,01,Viettel,true,false,true,2022-08-18T15:00:00Z,2022-10-26T15:00:00Z,initial_activation
452010000000447,+84970000447,active,452,01,Viettel,true,false,true,2022-08-29T14:00:00Z,2022-10-16T14:00:00Z,initial_activation
452010000000448,+84970000448,active,452,01,Viettel,true,false,true,2022-10-20T22:00:00Z,2022-12-19T22:00:00Z,initial_activation
452010000000449,+84970000449,active,452,01,Viettel,true,false,true,2022-07-16T00:00:00Z,2022-09-22T00:00:00Z,initial_activation
452010000000450,+84970000450,active,452,01,Viettel,true,false,true,2022-03-24T14:00:00Z,2022-06-10T14:00:00Z,initial_activation
452010000000451,+84970000451,active,452,01,Viettel,true,false,true,2022-05-09T09:00:00Z,2022-07-31T09:00:00Z,initial_activation
452010000000452,+84970000452,active,452,01,Viettel,true,false,true,2022-07-11T01:00:00Z,2022-07-25T01:00:00Z,initial_activation
452010000000453,+84970000453,active,452,01,Viettel,true,false,true,2022-09-22T11:00:00Z,2022-10-29T11:00:00Z,initial_activation
452010000000454,+84970000454,active,452,01,Viettel,true,false,true,2022-03-24T16:00:00Z,2022-05-21T16:00:00Z,initial_activation
452010000000455,+84970000455,active,452,01,Viettel,true,false,true,2022-03-17T21:00:00Z,2022-03-29T21:00:00Z,initial_activation
452010000000456,+84970000456,active,452,01,Viettel,true,false,true,2022-04-24T22:00:00Z,2022-06-08T22:00:00Z,initial_activation
452010000000457,+84970000457,active,452,01,Viettel,true,false,true,2022-08-01T09:00:00Z,2022-09-21T09:00:00Z,initial_activation
452010000000458,+84970000458,active,452,01,Viettel,true,false,true,2022-05-01T20:00:00Z,2022-05-12T20:00:00Z,initial_activation
452010000000459,+84970000459,active,452,01,Viettel,true,false,true,2022-01-15T18:00:00Z,2022-01-28T18:00:00Z,initial_activation
452010000000460,+84970000460,active,452,01,Viettel,true,false,true,2022-11-29T18:00:00Z,2022-12-18T18:00:00Z,initial_activation
452010000000461,+84970000461,active,452,01,Viettel,true,false,true,2022-05-27T23:00:00Z,2022-08-25T23:00:00Z,initial_activation
452010000000462,+84970000462,active,452,01,Viettel,true,false,true,2022-12-28T23:00:00Z,2023-02-24T23:00:00Z,initial_activation
452010000000463,+84970000463,active,452,01,Viettel,true,false,true,2022-02-10T08:00:00Z,2022-03-15T08:00:00Z,initial_activation
452010000000464,+84970000464,active,452,01,Viettel,true,false,true,2022-03-19T01:00:00Z,2022-06-21T01:00:00Z,initial_activation
452010000000465,+84970000465,active,452,01,Viettel,true,false,true,2022-08-05T11:00:00Z,2022-11-13T11:00:00Z,initial_activation
452010000000466,+84970000466,active,452,01,Viettel,true,false,true,2022-06-04T11:00:00Z,2022-06-11T11:00:00Z,initial_activation
452010000000467,+84970000467,active,452,01,Viettel,true,false,true,2022-11-25T03:00:00Z,2023-01-23T03:00:00Z,initial_activation
452010000000468,+84970000468,active,452,01,Viettel,true,false,true,2022-09-14T03:00:00Z,2022-11-22T03:00:00Z,initial_activation
452010900000468,+84970000468,active,452,01,Viettel,true,false,true,2023-05-02T03:00:00Z,2023-05-02T03:00:00Z,customer_request
452010000000469,+84970000469,active,452,01,Viettel,true,false,true,2022-10-22T15:00:00Z,2023-01-22T15:00:00Z,initial_activation
452010000000470,+84970000470,active,452,01,Viettel,true,false,true,2022-08-08T08:00:00Z,2022-10-26T08:00:00Z,initial_activation
452010000000471,+84970000471,active,452,01,Viettel,true,false,true,2022-10-20T21:00:00Z,2022-11-13T21:00:00Z,initial_activation
452010000000472,+84970000472,active,452,01,Viettel,true,false,true,2022-02-14T00:00:00Z,2022-04-02T00:00:00Z,initial_activation
452010000000473,+84970000473,active,452,01,Viettel,true,false,true,2022-09-28T01:00:00Z,2022-12-02T01:00:00Z,initial_activation
452010000000474,+84970000474,active,452,01,Viettel,true,false,true,2022-09-18T01:00:00Z,2022-09-21T01:00:00Z,initial_activation
452010000000475,+84970000475,active,452,01,Viettel,true,false,true,2022-08-29T09:00:00Z,2022-11-19T09:00:00Z,initial_activation
452010000000476,+84970000476,active,452,01,Viettel,true,false,true,2022-07-11T16:00:00Z,2022-10-15T16:00:00Z,initial_activation
452010900000476,+84970000476,active,452,01,Viettel,true,false,true,2022-12-01T16:00:00Z,2022-12-01T16:00:00Z,customer_request
452010000000477,+84970000477,active,452,01,Viettel,true,false,true,2022-06-26T15:00:00Z,2022-09-28T15:00:00Z,initial_activation
452010000000478,+84970000478,active,452,01,Viettel,true,false,true,2022-02-24T02:00:00Z,2022-05-30T02:00:00Z,initial_activation
452010000000479,+84970000479,active,452,01,Viettel,true,false,true,2022-03-10T09:00:00Z,2022-04-25T09:00:00Z,initial_activation
452010000000480,+84970000480,active,452,01,Viettel,true,false,true,2022-11-26T13:00:00Z,2023-03-06T13:00:00Z,initial_activation
452010000000481,+84970000481,active,452,01,Viettel,true,false,true,2022-12-23T23:00:00Z,2023-03-14T23:00:00Z,initial_activation
452010000000482,+84970000482,active,452,01,Viettel,true,false,true,2022-03-11T10:00:00Z,2022-06-11T10:00:00Z,initial_activation
452010000000483,+84970000483,active,452,01,Viettel,true,false,true,2022-08-23T09:00:00Z,2022-09-30T09:00:00Z,initial_activation
452010000000484,+84970000484,active,452,01,Viettel,true,false,true,2022-04-13T09:00:00Z,2022-05-24T09:00:00Z,initial_activation
452010000000485,+84970000485,active,452,01,Viettel,true,false,true,2022-09-21T20:00:00Z,2022-11-30T20:00:00Z,initial_activation
452010000000486,+84970000486,active,452,01,Viettel,true,false,true,2022-01-20T04:00:00Z,2022-02-14T04:00:00Z,initial_activation
452010000000487,+84970000487,active,452,01,Viettel,true,false,true,2022-01-26T04:00:00Z,2022-03-10T04:00:00Z,initial_activation
452010000000488,+84970000488,active,452,01,Viettel,true,false,true,2022-07-08T21:00:00Z,2022-08-29T21:00:00Z,initial_activation
452010000000489,+84970000489,active,452,01,Viettel,true,false,true,2022-07-17T18:00:00Z,2022-08-10T18:00:00Z,initial_activation
452010000000490,+84970000490,active,452,01,Viettel,true,false,true,2022-09-12T19:00:00Z,2022-11-18T19:00:00Z,initial_activation
452010000000491,+84970000491,active,452,01,Viettel,true,false,true,2022-02-13T07:00:00Z,2022-04-09T07:00:00Z,initial_activation
452010000000492,+84970000492,active,452,01,Viettel,true,false,true,2022-11-05T13:00:00Z,2023-01-14T13:00:00Z,initial_activation
452010000000493,+84970000493,active,452,01,Viettel,true,false,true,2022-02-22T10:00:00Z,2022-04-05T10:00:00Z,initial_activation
452010000000494,+84970000494,active,452,01,Viettel,true,false,true,2022-06-06T22:00:00Z,2022-08-23T22:00:00Z,initial_activation
452010000000495,+84970000495,active,452,01,Viettel,true,false,true,2022-03-28T06:00:00Z,2022-05-24T06:00:00Z,initial_activation
452010000000496,+84970000496,active,452,01,Viettel,true,false,true,2022-01-23T07:00:00Z,2022-03-10T07:00:00Z,initial_activation
452010000000497,+84970000497,active,452,01,Viettel,true,false,true,2022-08-11T16:00:00Z,2022-11-01T16:00:00Z,initial_activation
452010000000498,+84970000498,active,452,01,Viettel,true,false,true,2022-01-30T10:00:00Z,2022-04-26T10:00:00Z,initial_activation
452010000000499,+84970000499,active,452,01,Viettel,true,false,true,2022-07-07T00:00:00Z,2022-10-11T00:00:00Z,initial_activation
452010000000500,+84970000500,active,452,01,Viettel,true,false,true,2022-01-16T12:00:00Z,2022-04-04T12:00:00Z,initial_activation
452010000000501,+84970000501,active,452,01,Viettel,true,false,true,2022-08-13T09:00:00Z,2022-08-30T09:00:00Z,initial_activation
452010000000502,+84970000502,active,452,01,Viettel,true,false,true,2022-11-27T19:00:00Z,2023-01-13T19:00:00Z,initial_activation
452010000000503,+84970000503,active,452,01,Viettel,true,false,true,2022-10-18T09:00:00Z,2023-01-04T09:00:00Z,initial_activation
452010000000504,+84970000504,active,452,01,Viettel,true,false,true,2022-08-19T19:00:00Z,2022-10-06T19:00:00Z,initial_activation
452010000000505,+84970000505,active,452,01,Viettel,true,false,true,2022-02-10T02:00:00Z,2022-02-28T02:00:00Z,initial_activation
452010000000506,+84970000506,active,452,01,Viettel,true,false,true,2022-07-23T18:00:00Z,2022-10-15T18:00:00Z,initial_activation
452010000000507,+84970000507,active,452,01,Viettel,true,false,true,2022-02-28T08:00:00Z,2022-06-03T08:00:00Z,initial_activation
452010000000508,+84970000508,active,452,01,Viettel,true,false,true,2022-09-23T20:00:00Z,2022-12-04T20:00:00Z,initial_activation
452010000000509,+84970000509,active,452,01,Viettel,true,false,true,2022-05-15T06:00:00Z,2022-07-12T06:00:00Z,initial_activation
452010000000510,+84970000510,active,452,01,Viettel,true,false,true,2022-11-10T17:00:00Z,2023-02-07T17:00:00Z,initial_activation
452010000000511,+84970000511,active,452,01,Viettel,true,false,true,2022-09-09T14:00:00Z,2022-09-25T14:00:00Z,initial_activation
452010000000512,+84970000512,active,452,01,Viettel,true,false,true,2022-02-07T22:00:00Z,2022-03-02T22:00:00Z,initial_activation
452010000000513,+84970000513,active,452,01,Viettel,true,false,true,2022-08-16T10:00:00Z,2022-11-12T10:00:00Z,initial_activation
452010000000514,+84970000514,active,452,01,Viettel,true,false,true,2022-06-14T05:00:00Z,2022-07-29T05:00:00Z,initial_activation
452010000000515,+84970000515,active,452,01,Viettel,true,false,true,2022-10-10T01:00:00Z,2022-11-17T01:00:00Z,initial_activation
452010000000516,+84970000516,active,452,01,Viettel,true,false,true,2022-03-23T06:00:00Z,2022-06-22T06:00:00Z,initial_activation
452010000000517,+84970000517,active,452,01,Viettel,true,false,true,2022-11-23T13:00:00Z,2023-01-09T13:00:00Z,initial_activation
452010000000518,+84970000518,active,452,01,Viettel,true,false,true,2022-03-04T14:00:00Z,2022-03-22T14:00:00Z,initial_activation
452010000000519,+84970000519,active,452,01,Viettel,true,false,true,2022-09-10T08:00:00Z,2022-10-27T08:00:00Z,initial_activation
452010000000520,+84970000520,active,452,01,Viettel,true,false,true,2022-07-08T22:00:00Z,2022-09-17T22:00:00Z,initial_activation
452010000000521,+84970000521,active,452,01,Viettel,true,false,true,2022-02-14T10:00:00Z,2022-03-26T10:00:00Z,initial_activation
452010000000522,+84970000522,active,452,01,Viettel,true,false,true,2022-09-04T00:00:00Z,2022-10-27T00:00:00Z,initial_activation
452010000000523,+84970000523,active,452,01,Viettel,true,false,true,2022-10-22T10:00:00Z,2022-11-08T10:00:00Z,initial_activation
452010000000524,+84970000524,active,452,01,Viettel,true,false,true,2022-11-25T10:00:00Z,2023-01-22T10:00:00Z,initial_activation
452010000000525,+84970000525,active,452,01,Viettel,true,false,true,2022-09-22T19:00:00Z,2022-10-09T19:00:00Z,initial_activation
452010000000526,+84970000526,active,452,01,Viettel,true,false,true,2022-10-11T04:00:00Z,2022-12-26T04:00:00Z,initial_activation
452010000000527,+84970000527,active,452,01,Viettel,true,false,true,2022-03-08T21:00:00Z,2022-05-12T21:00:00Z,initial_activation
452010000000528,+84970000528,active,452,01,Viettel,true,false,true,2022-01-29T11:00:00Z,2022-04-06T11:00:00Z,initial_activation
452010000000529,+84970000529,active,452,01,Viettel,true,false,true,2022-03-26T13:00:00Z,2022-05-07T13:00:00Z,initial_activation
452010000000530,+84970000530,active,452,01,Viettel,true,false,true,2022-04-26T19:00:00Z,2022-07-02T19:00:00Z,initial_activation
452010000000531,+84970000531,active,452,01,Viettel,true,false,true,2022-02-10T16:00:00Z,2022-03-08T16:00:00Z,initial_activation
452010000000532,+84970000532,active,452,01,Viettel,true,false,true,2022-10-10T16:00:00Z,2022-10-27T16:00:00Z,initial_activation
452010000000533,+84970000533,active,452,01,Viettel,true,false,true,2022-11-12T01:00:00Z,2022-11-24T01:00:00Z,initial_activation
452010000000534,+84970000534,active,452,01,Viettel,true,false,true,2022-03-29T02:00:00Z,2022-06-12T02:00:00Z,initial_activation
452010000000535,+84970000535,active,452,01,Viettel,true,false,true,2022-12-05T03:00:00Z,2023-03-08T03:00:00Z,initial_activation
452010000000536,+84970000536,active,452,01,Viettel,true,false,true,2022-06-23T02:00:00Z,2022-06-29T02:00:00Z,initial_activation
452010000000537,+84970000537,active,452,01,Viettel,true,false,true,2022-01-15T10:00:00Z,2022-01-21T10:00:00Z,initial_activation
452010000000538,+84970000538,active,452,01,Viettel,true,false,true,2022-10-23T16:00:00Z,2023-01-15T16:00:00Z,initial_activation
452010000000539,+84970000539,active,452,01,Viettel,true,false,true,2022-10-20T21:00:00Z,2023-01-08T21:00:00Z,initial_activation
452010000000540,+84970000540,active,452,01,Viettel,true,false,true,2022-09-13T04:00:00Z,2022-11-22T04:00:00Z,initial_activation
452010000000541,+84970000541,active,452,01,Viettel,true,false,true,2022-06-04T23:00:00Z,2022-07-06T23:00:00Z,initial_activation
452010000000542,+84970000542,active,452,01,Viettel,true,false,true,2022-12-17T20:00:00Z,2023-01-25T20:00:00Z,initial_activation
452010000000543,+84970000543,active,452,01,Viettel,true,false,true,2022-12-19T09:00:00Z,2023-01-09T09:00:00Z,initial_activation
452010000000544,+84970000544,active,452,01,Viettel,true,false,true,2022-09-05T22:00:00Z,2022-10-02T22:00:00Z,initial_activation
452010000000545,+84970000545,active,452,01,Viettel,true,false,true,2022-03-15T18:00:00Z,2022-06-15T18:00:00Z,initial_activation
452010000000546,+84970000546,active,452,01,Viettel,true,false,true,2022-06-26T20:00:00Z,2022-07-13T20:00:00Z,initial_activation
452010000000547,+84970000547,active,452,01,Viettel,true,false,true,2022-09-22T01:00:00Z,2022-10-06T01:00:00Z,initial_activation
452010000000548,+84970000548,active,452,01,Viettel,true,false,true,2022-08-27T11:00:00Z,2022-10-01T11:00:00Z,initial_activation
452010000000549,+84970000549,active,452,01,Viettel,true,false,true,2022-03-14T11:00:00Z,2022-03-21T11:00:00Z,initial_activation
452010000000550,+84970000550,active,452,01,Viettel,true,false,true,2022-07-17T03:00:00Z,2022-09-09T03:00:00Z,initial_activation
452010000000551,+84970000551,active,452,01,Viettel,true,false,true,2022-03-23T18:00:00Z,2022-06-05T18:00:00Z,initial_activation
452010000000552,+84970000552,active,452,01,Viettel,true,false,true,2022-04-08T13:00:00Z,2022-06-11T13:00:00Z,initial_activation
452010000000553,+84970000553,active,452,01,Viettel,true,false,true,2022-08-28T23:00:00Z,2022-10-07T23:00:00Z,initial_activation
452010000000554,+84970000554,active,452,01,Viettel,true,false,true,2022-02-16T20:00:00Z,2022-04-22T20:00:00Z,initial_activation
452010000000555,+84970000555,active,452,01,Viettel,true,false,true,2022-05-04T14:00:00Z,2022-07-18T14:00:00Z,initial_activation
452010000000556,+84970000556,active,452,01,Viettel,true,false,true,2022-01-26T17:00:00Z,2022-03-31T17:00:00Z,initial_activation
452010000000557,+84970000557,active,452,01,Viettel,true,false,true,2022-12-02T05:00:00Z,2023-02-01T05:00:00Z,initial_activation
452010000000558,+84970000558,active,452,01,Viettel,true,false,true,2022-01-05T11:00:00Z,2022-03-02T11:00:00Z,initial_activation
452010000000559,+84970000559,active,452,01,Viettel,true,false,true,2022-05-17T07:00:00Z,2022-07-03T07:00:00Z,initial_activation
452010000000560,+84970000560,active,452,01,Viettel,true,false,true,2022-07-07T09:00:00Z,2022-08-28T09:00:00Z,initial_activation
452010000000561,+84970000561,active,452,01,Viettel,true,false,true,2022-10-15T14:00:00Z,2022-12-01T14:00:00Z,initial_activation
452010000000562,+84970000562,active,452,01,Viettel,true,false,true,2022-02-07T20:00:00Z,2022-04-13T20:00:00Z,initial_activation
452010000000563,+84970000563,active,452,01,Viettel,true,false,true,2022-10-09T16:00:00Z,2022-12-28T16:00:00Z,initial_activation
452010000000564,+84970000564,active,452,01,Viettel,true,false,true,2022-03-02T12:00:00Z,2022-03-15T12:00:00Z,initial_activation
452010000000565,+84970000565,active,452,01,Viettel,true,false,true,2022-06-24T01:00:00Z,2022-08-10T01:00:00Z,initial_activation
452010000000566,+84970000566,active,452,01,Viettel,true,false,true,2022-04-13T03:00:00Z,2022-06-18T03:00:00Z,initial_activation
452010000000567,+84970000567,active,452,01,Viettel,true,false,true,2022-01-21T09:00:00Z,2022-01-26T09:00:00Z,initial_activation
452010000000568,+84970000568,active,452,01,Viettel,true,false,true,2022-06-20T23:00:00Z,2022-08-26T23:00:00Z,initial_activation
452010000000569,+84970000569,active,452,01,Viettel,true,false,true,2022-11-08T00:00:00Z,2022-11-26T00:00:00Z,initial_activation
452010000000570,+84970000570,active,452,01,Viettel,true,false,true,2022-11-10T18:00:00Z,2022-12-01T18:00:00Z,initial_activation
452010000000571,+84970000571,active,452,01,Viettel,true,false,true,2022-11-13T07:00:00Z,2022-12-22T07:00:00Z,initial_activation
452010000000572,+84970000572,active,452,01,Viettel,true,false,true,2022-09-18T00:00:00Z,2022-11-26T00:00:00Z,initial_activation
452010000000573,+84970000573,active,452,01,Viettel,true,false,true,2022-10-16T17:00:00Z,2022-12-16T17:00:00Z,initial_activation
452010000000574,+84970000574,active,452,01,Viettel,true,false,true,2022-07-08T18:00:00Z,2022-10-03T18:00:00Z,initial_activation
452010000000575,+84970000575,active,452,01,Viettel,true,false,true,2022-08-03T02:00:00Z,2022-09-12T02:00:00Z,initial_activation
452010000000576,+84970000576,active,452,01,Viettel,true,false,true,2022-12-20T04:00:00Z,2022-12-24T04:00:00Z,initial_activation
452010000000577,+84970000577,active,452,01,Viettel,true,false,true,2022-05-17T04:00:00Z,2022-08-25T04:00:00Z,initial_activation
452010000000578,+84970000578,active,452,01,Viettel,true,false,true,2022-04-28T07:00:00Z,2022-05-05T07:00:00Z,initial_activation
452010000000579,+84970000579,active,452,01,Viettel,true,false,true,2022-03-30T00:00:00Z,2022-06-19T00:00:00Z,initial_activation
452010000000580,+84970000580,active,452,01,Viettel,true,false,true,2022-07-14T12:00:00Z,2022-10-10T12:00:00Z,initial_activation
452010000000581,+84970000581,active,452,01,Viettel,true,false,true,2022-10-22T06:00:00Z,2022-11-06T06:00:00Z,initial_activation
452010000000582,+84970000582,active,452,01,Viettel,true,false,true,2022-08-14T18:00:00Z,2022-10-07T18:00:00Z,initial_activation
452010000000583,+84970000583,active,452,01,Viettel,true,false,true,2022-12-20T14:00:00Z,2023-02-11T14:00:00Z,initial_activation
452010000000584,+84970000584,active,452,01,Viettel,true,false,true,2022-11-10T23:00:00Z,2023-02-13T23:00:00Z,initial_activation
452010000000585,+84970000585,active,452,01,Viettel,true,false,true,2022-12-28T12:00:00Z,2023-03-05T12:00:00Z,initial_activation
452010000000586,+84970000586,active,452,01,Viettel,true,false,true,2022-06-17T05:00:00Z,2022-08-18T05:00:00Z,initial_activation
452010000000587,+84970000587,active,452,01,Viettel,true,false,true,2022-06-10T13:00:00Z,2022-08-08T13:00:00Z,initial_activation
452010000000588,+84970000588,active,452,01,Viettel,true,false,true,2022-06-26T01:00:00Z,2022-08-11T01:00:00Z,initial_activation
452010000000589,+84970000589,active,452,01,Viettel,true,false,true,2022-12-16T04:00:00Z,2023-03-15T04:00:00Z,initial_activation
452010000000590,+84970000590,active,452,01,Viettel,true,false,true,2022-09-05T14:00:00Z,2022-10-07T14:00:00Z,initial_activation
452010000000591,+84970000591,active,452,01,Viettel,true,false,true,2022-06-02T15:00:00Z,2022-07-11T15:00:00Z,initial_activation
452010000000592,+84970000592,active,452,01,Viettel,true,false,true,2022-12-27T14:00:00Z,2023-03-26T14:00:00Z,initial_activation
452010000000593,+84970000593,active,452,01,Viettel,true,false,true,2022-06-12T23:00:00Z,2022-07-27T23:00:00Z,initial_activation
452010000000594,+84970000594,active,452,01,Viettel,true,false,true,2022-05-21T17:00:00Z,2022-06-06T17:00:00Z,initial_activation
452010000000595,+84970000595,active,452,01,Viettel,true,false,true,2022-10-06T20:00:00Z,2022-11-26T20:00:00Z,initial_activation
452010000000596,+84970000596,active,452,01,Viettel,true,false,true,2022-03-16T17:00:00Z,2022-03-22T17:00:00Z,initial_activation
452010000000597,+84970000597,active,452,01,Viettel,true,false,true,2023-01-01T10:00:00Z,2023-02-15T10:00:00Z,initial_activation
452010000000598,+84970000598,active,452,01,Viettel,true,false,true,2022-12-02T16:00:00Z,2023-03-08T16:00:00Z,initial_activation
452010000000599,+84970000599,active,452,01,Viettel,true,false,true,2022-04-15T01:00:00Z,2022-05-20T01:00:00Z,initial_activation
452010000000600,+84970000600,active,452,01,Viettel,true,false,true,2022-12-23T16:00:00Z,2023-01-10T16:00:00Z,initial_activation
452010000000601,+84970000601,active,452,01,Viettel,true,false,true,2022-10-28T15:00:00Z,2022-11-29T15:00:00Z,initial_activation
452010000000602,+84970000602,active,452,01,Viettel,true,false,true,2022-09-29T15:00:00Z,2022-12-20T15:00:00Z,initial_activation
452010000000603,+84970000603,active,452,01,Viettel,true,false,true,2022-02-21T21:00:00Z,2022-04-05T21:00:00Z,initial_activation
452010000000604,+84970000604,active,452,01,Viettel,true,false,true,2022-02-22T05:00:00Z,2022-06-01T05:00:00Z,initial_activation
452010000000605,+84970000605,active,452,01,Viettel,true,false,true,2022-10-09T13:00:00Z,2022-12-01T13:00:00Z,initial_activation
452010000000606,+84970000606,active,452,01,Viettel,true,false,true,2022-09-01T23:00:00Z,2022-11-24T23:00:00Z,initial_activation
452010000000607,+84970000607,active,452,01,Viettel,true,false,true,2022-05-28T18:00:00Z,2022-07-04T18:00:00Z,initial_activation
452010000000608,+84970000608,active,452,01,Viettel,true,false,true,2022-02-16T04:00:00Z,2022-05-01T04:00:00Z,initial_activation
452010000000609,+84970000609,active,452,01,Viettel,true,false,true,2022-01-20T13:00:00Z,2022-03-15T13:00:00Z,initial_activation
452010000000610,+84970000610,active,452,01,Viettel,true,false,true,2022-04-01T09:00:00Z,2022-05-22T09:00:00Z,initial_activation
452010000000611,+84970000611,active,452,01,Viettel,true,false,true,2022-04-07T07:00:00Z,2022-05-15T07:00:00Z,initial_activation
452010000000612,+84970000612,active,452,01,Viettel,true,false,true,2022-01-05T17:00:00Z,2022-03-19T17:00:00Z,initial_activation
452010000000613,+84970000613,active,452,01,Viettel,true,false,true,2022-06-21T17:00:00Z,2022-08-19T17:00:00Z,initial_activation
452010000000614,+84970000614,active,452,01,Viettel,true,false,true,2022-10-07T00:00:00Z,2022-12-10T00:00:00Z,initial_activation
452010000000615,+84970000615,active,452,01,Viettel,true,false,true,2022-03-11T00:00:00Z,2022-05-10T00:00:00Z,initial_activation
452010000000616,+84970000616,active,452,01,Viettel,true,false,true,2022-02-27T18:00:00Z,2022-03-20T18:00:00Z,initial_activation
452010000000617,+84970000617,active,452,01,Viettel,true,false,true,2022-11-28T16:00:00Z,2023-02-28T16:00:00Z,initial_activation
452010000000618,+84970000618,active,452,01,Viettel,true,false,true,2022-06-22T17:00:00Z,2022-09-03T17:00:00Z,initial_activation
452010000000619,+84970000619,active,452,01,Viettel,true,false,true,2022-04-09T13:00:00Z,2022-06-27T13:00:00Z,initial_activation
452010000000620,+84970000620,active,452,01,Viettel,true,false,true,2022-07-27T21:00:00Z,2022-10-01T21:00:00Z,initial_activation
452010000000621,+84970000621,active,452,01,Viettel,true,false,true,2022-07-26T05:00:00Z,2022-08-08T05:00:00Z,initial_activation
452010000000622,+84970000622,active,452,01,Viettel,true,false,true,2022-03-13T23:00:00Z,2022-04-24T23:00:00Z,initial_activation
452010000000623,+84970000623,active,452,01,Viettel,true,false,true,2022-01-04T16:00:00Z,2022-02-23T16:00:00Z,initial_activation
452010000000624,+84970000624,active,452,01,Viettel,true,false,true,2022-05-17T18:00:00Z,2022-06-25T18:00:00Z,initial_activation
452010000000625,+84970000625,active,452,01,Viettel,true,false,true,2022-10-21T08:00:00Z,2022-11-24T08:00:00Z,initial_activation
452010000000626,+84970000626,active,452,01,Viettel,true,false,true,2022-12-21T15:00:00Z,2022-12-29T15:00:00Z,initial_activation
452010000000627,+84970000627,active,452,01,Viettel,true,false,true,2022-08-27T17:00:00Z,2022-09-17T17:00:00Z,initial_activation
452010000000628,+84970000628,active,452,01,Viettel,true,false,true,2022-09-16T06:00:00Z,2022-12-24T06:00:00Z,initial_activation
452010000000629,+84970000629,active,452,01,Viettel,true,false,true,2022-03-03T04:00:00Z,2022-04-10T04:00:00Z,initial_activation
452010000000630,+84970000630,active,452,01,Viettel,true,false,true,2022-04-24T15:00:00Z,2022-05-12T15:00:00Z,initial_activation
452010000000631,+84970000631,active,452,01,Viettel,true,false,true,2022-08-22T07:00:00Z,2022-11-08T07:00:00Z,initial_activation
452010000000632,+84970000632,active,452,01,Viettel,true,false,true,2022-12-27T01:00:00Z,2023-02-26T01:00:00Z,initial_activation
452010000000633,+84970000633,active,452,01,Viettel,true,false,true,2022-12-07T14:00:00Z,2023-03-15T14:00:00Z,initial_activation
452010000000634,+84970000634,active,452,01,Viettel,true,false,true,2022-11-02T10:00:00Z,2023-01-09T10:00:00Z,initial_activation
452010000000635,+84970000635,active,452,01,Viettel,true,false,true,2022-12-27T19:00:00Z,2023-01-06T19:00:00Z,initial_activation
452010000000636,+84970000636,active,452,01,Viettel,true,false,true,2022-02-27T09:00:00Z,2022-05-09T09:00:00Z,initial_activation
452010000000637,+84970000637,active,452,01,Viettel,true,false,true,2022-04-15T02:00:00Z,2022-06-23T02:00:00Z,initial_activation
452010000000638,+84970000638,active,452,01,Viettel,true,false,true,2022-06-18T00:00:00Z,2022-08-14T00:00:00Z,initial_activation
452010000000639,+84970000639,active,452,01,Viettel,true,false,true,2022-04-17T06:00:00Z,2022-07-01T06:00:00Z,initial_activation
452010000000640,+84970000640,active,452,01,Viettel,true,false,true,2022-09-19T22:00:00Z,2022-09-27T22:00:00Z,initial_activation
452010000000641,+84970000641,active,452,01,Viettel,true,false,true,2022-09-20T21:00:00Z,2022-11-18T21:00:00Z,initial_activation
452010000000642,+84970000642,active,452,01,Viettel,true,false,true,2022-10-14T22:00:00Z,2023-01-09T22:00:00Z,initial_activation
452010000000643,+84970000643,active,452,01,Viettel,true,false,true,2022-01-12T20:00:00Z,2022-02-14T20:00:00Z,initial_activation
452010000000644,+84970000644,active,452,01,Viettel,true,false,true,2022-04-23T02:00:00Z,2022-05-03T02:00:00Z,initial_activation
452010000000645,+84970000645,active,452,01,Viettel,true,false,true,2022-06-27T06:00:00Z,2022-07-06T06:00:00Z,initial_activation
452010000000646,+84970000646,active,452,01,Viettel,true,false,true,2022-01-31T10:00:00Z,2022-04-02T10:00:00Z,initial_activation
452010000000647,+84970000647,active,452,01,Viettel,true,false,true,2022-07-29T13:00:00Z,2022-11-05T13:00:00Z,initial_activation
452010000000648,+84970000648,active,452,01,Viettel,true,false,true,2022-11-26T07:00:00Z,2023-02-17T07:00:00Z,initial_activation
452010000000649,+84970000649,active,452,01,Viettel,true,false,true,2022-07-11T20:00:00Z,2022-09-07T20:00:00Z,initial_activation
452010000000650,+84970000650,active,452,01,Viettel,true,false,true,2022-07-13T20:00:00Z,2022-07-24T20:00:00Z,initial_activation
452010000000651,+84970000651,active,452,01,Viettel,true,false,true,2022-12-06T01:00:00Z,2022-12-24T01:00:00Z,initial_activation
452010000000652,+84970000652,active,452,01,Viettel,true,false,true,2022-06-28T11:00:00Z,2022-07-21T11:00:00Z,initial_activation
452010000000653,+84970000653,active,452,01,Viettel,true,false,true,2022-07-22T00:00:00Z,2022-08-08T00:00:00Z,initial_activation
452010000000654,+84970000654,active,452,01,Viettel,true,false,true,2022-04-25T08:00:00Z,2022-07-31T08:00:00Z,initial_activation
452010000000655,+84970000655,active,452,01,Viettel,true,false,true,2022-06-02T22:00:00Z,2022-08-28T22:00:00Z,initial_activation
452010000000656,+84970000656,active,452,01,Viettel,true,false,true,2022-08-07T01:00:00Z,2022-09-25T01:00:00Z,initial_activation
452010000000657,+84970000657,active,452,01,Viettel,true,false,true,2022-05-07T22:00:00Z,2022-06-21T22:00:00Z,initial_activation
452010000000658,+84970000658,active,452,01,Viettel,true,false,true,2022-04-08T07:00:00Z,2022-07-15T07:00:00Z,initial_activation
452010000000659,+84970000659,active,452,01,Viettel,true,false,true,2022-12-05T21:00:00Z,2023-02-22T21:00:00Z,initial_activation
452010000000660,+84970000660,active,452,01,Viettel,true,false,true,2022-01-09T15:00:00Z,2022-02-05T15:00:00Z,initial_activation
452010000000661,+84970000661,active,452,01,Viettel,true,false,true,2022-11-01T09:00:00Z,2022-12-29T09:00:00Z,initial_activation
452010000000662,+84970000662,active,452,01,Viettel,true,false,true,2022-12-27T09:00:00Z,2023-01-28T09:00:00Z,initial_activation
452010000000663,+84970000663,active,452,01,Viettel,true,false,true,2022-07-25T22:00:00Z,2022-08-24T22:00:00Z,initial_activation
452010000000664,+84970000664,active,452,01,Viettel,true,false,true,2022-01-29T12:00:00Z,2022-04-04T12:00:00Z,initial_activation
452010000000665,+84970000665,active,452,01,Viettel,true,false,true,2022-05-01T07:00:00Z,2022-07-14T07:00:00Z,initial_activation
452010000000666,+84970000666,active,452,01,Viettel,true,false,true,2022-11-04T05:00:00Z,2022-12-16T05:00:00Z,initial_activation
452010000000667,+84970000667,active,452,01,Viettel,true,false,true,2022-03-16T05:00:00Z,2022-05-22T05:00:00Z,initial_activation
452010000000668,+84970000668,active,452,01,Viettel,true,false,true,2022-06-03T16:00:00Z,2022-06-11T16:00:00Z,initial_activation
452010000000669,+84970000669,active,452,01,Viettel,true,false,true,2022-10-31T07:00:00Z,2022-11-23T07:00:00Z,initial_activation
452010000000670,+84970000670,active,452,01,Viettel,true,false,true,2022-08-08T01:00:00Z,2022-10-11T01:00:00Z,initial_activation
452010000000671,+84970000671,active,452,01,Viettel,true,false,true,2022-06-27T04:00:00Z,2022-09-21T04:00:00Z,initial_activation
452010000000672,+84970000672,active,452,01,Viettel,true,false,true,2022-09-26T18:00:00Z,2022-12-25T18:00:00Z,initial_activation
452010000000673,+84970000673,active,452,01,Viettel,true,false,true,2022-03-18T17:00:00Z,2022-05-06T17:00:00Z,initial_activation
452010000000674,+84970000674,active,452,01,Viettel,true,false,true,2022-10-03T23:00:00Z,2022-11-03T23:00:00Z,initial_activation
452010000000675,+84970000675,active,452,01,Viettel,true,false,true,2022-06-04T06:00:00Z,2022-06-23T06:00:00Z,initial_activation
452010000000676,+84970000676,active,452,01,Viettel,true,false,true,2022-01-31T01:00:00Z,2022-03-25T01:00:00Z,initial_activation
452010000000677,+84970000677,active,452,01,Viettel,true,false,true,2022-10-14T00:00:00Z,2022-11-01T00:00:00Z,initial_activation
452010000000678,+84970000678,active,452,01,Viettel,true,false,true,2022-05-11T14:00:00Z,2022-06-23T14:00:00Z,initial_activation
452010000000679,+84970000679,active,452,01,Viettel,true,false,true,2022-08-19T19:00:00Z,2022-08-31T19:00:00Z,initial_activation
452010000000680,+84970000680,active,452,01,Viettel,true,false,true,2022-04-08T09:00:00Z,2022-05-13T09:00:00Z,initial_activation
452010000000681,+84970000681,active,452,01,Viettel,true,false,true,2022-11-07T03:00:00Z,2022-11-13T03:00:00Z,initial_activation
452010000000682,+84970000682,active,452,01,Viettel,true,false,true,2022-04-08T02:00:00Z,2022-07-10T02:00:00Z,initial_activation
452010000000683,+84970000683,active,452,01,Viettel,true,false,true,2022-04-22T23:00:00Z,2022-05-19T23:00:00Z,initial_activation
452010000000684,+84970000684,active,452,01,Viettel,true,false,true,2022-06-20T17:00:00Z,2022-06-22T17:00:00Z,initial_activation
452010000000685,+84970000685,active,452,01,Viettel,true,false,true,2022-04-09T07:00:00Z,2022-04-25T07:00:00Z,initial_activation
452010000000686,+84970000686,active,452,01,Viettel,true,false,true,2022-09-03T15:00:00Z,2022-12-02T15:00:00Z,initial_activation
452010000000687,+84970000687,active,452,01,Viettel,true,false,true,2022-04-15T20:00:00Z,2022-05-16T20:00:00Z,initial_activation
452010000000688,+84970000688,active,452,01,Viettel,true,false,true,2022-05-25T20:00:00Z,2022-07-24T20:00:00Z,initial_activation
452010000000689,+84970000689,active,452,01,Viettel,true,false,true,2022-07-03T17:00:00Z,2022-08-06T17:00:00Z,initial_activation
452010000000690,+84970000690,active,452,01,Viettel,true,false,true,2022-09-12T22:00:00Z,2022-09-25T22:00:00Z,initial_activation
452010000000691,+84970000691,active,452,01,Viettel,true,false,true,2022-08-29T18:00:00Z,2022-09-25T18:00:00Z,initial_activation
452010000000692,+84970000692,active,452,01,Viettel,true,false,true,2022-07-31T09:00:00Z,2022-10-12T09:00:00Z,initial_activation
452010000000693,+84970000693,active,452,01,Viettel,true,false,true,2022-03-16T08:00:00Z,2022-04-19T08:00:00Z,initial_activation
452010000000694,+84970000694,active,452,01,Viettel,true,false,true,2022-10-28T02:00:00Z,2023-01-29T02:00:00Z,initial_activation
452010000000695,+84970000695,active,452,01,Viettel,true,false,true,2022-03-20T14:00:00Z,2022-05-02T14:00:00Z,initial_activation
452010000000696,+84970000696,active,452,01,Viettel,true,false,true,2022-10-19T15:00:00Z,2022-12-22T15:00:00Z,initial_activation
452010000000697,+84970000697,active,452,01,Viettel,true,false,true,2022-12-17T18:00:00Z,2023-01-19T18:00:00Z,initial_activation
452010000000698,+84970000698,active,452,01,Viettel,true,false,true,2022-09-09T07:00:00Z,2022-12-01T07:00:00Z,initial_activation
452010000000699,+84970000699,active,452,01,Viettel,true,false,true,2022-08-24T13:00:00Z,2022-11-26T13:00:00Z,initial_activation
452010000000700,+84970000700,active,452,01,Viettel,true,false,true,2022-03-28T12:00:00Z,2022-06-29T12:00:00Z,initial_activation
452010000000701,+84970000701,active,452,01,Viettel,true,false,true,2022-04-06T01:00:00Z,2022-06-28T01:00:00Z,initial_activation
452010000000702,+84970000702,active,452,01,Viettel,true,false,true,2022-09-26T09:00:00Z,2022-10-06T09:00:00Z,initial_activation
452010000000703,+84970000703,active,452,01,Viettel,true,false,true,2022-12-09T09:00:00Z,2023-03-17T09:00:00Z,initial_activation
452010900000703,+84970000703,active,452,01,Viettel,true,false,true,2023-05-21T09:00:00Z,2023-05-21T09:00:00Z,customer_request
452010000000704,+84970000704,active,452,01,Viettel,true,false,true,2022-11-19T15:00:00Z,2022-11-28T15:00:00Z,initial_activation
452010000000705,+84970000705,active,452,01,Viettel,true,false,true,2022-01-05T14:00:00Z,2022-03-11T14:00:00Z,initial_activation
452010000000706,+84970000706,active,452,01,Viettel,true,false,true,2022-02-01T03:00:00Z,2022-04-24T03:00:00Z,initial_activation
452010000000707,+84970000707,active,452,01,Viettel,true,false,true,2022-11-12T23:00:00Z,2023-02-05T23:00:00Z,initial_activation
452010000000708,+84970000708,active,452,01,Viettel,true,false,true,2022-01-05T01:00:00Z,2022-03-17T01:00:00Z,initial_activation
452010000000709,+84970000709,active,452,01,Viettel,true,false,true,2022-01-10T00:00:00Z,2022-04-13T00:00:00Z,initial_activation
452010000000710,+84970000710,active,452,01,Viettel,true,false,true,2022-05-27T08:00:00Z,2022-07-31T08:00:00Z,initial_activation
452010000000711,+84970000711,active,452,01,Viettel,true,false,true,2022-12-12T21:00:00Z,2023-01-04T21:00:00Z,initial_activation
452010000000712,+84970000712,active,452,01,Viettel,true,false,true,2022-02-20T00:00:00Z,2022-03-12T00:00:00Z,initial_activation
452010000000713,+84970000713,active,452,01,Viettel,true,false,true,2022-11-15T00:00:00Z,2022-12-18T00:00:00Z,initial_activation
452010000000714,+84970000714,active,452,01,Viettel,true,false,true,2022-05-17T20:00:00Z,2022-05-28T20:00:00Z,initial_activation
452010000000715,+84970000715,active,452,01,Viettel,true,false,true,2022-07-27T22:00:00Z,2022-10-08T22:00:00Z,initial_activation
452010000000716,+84970000716,active,452,01,Viettel,true,false,true,2022-12-23T15:00:00Z,2023-01-31T15:00:00Z,initial_activation
452010000000717,+84970000717,active,452,01,Viettel,true,false,true,2022-02-12T04:00:00Z,2022-05-07T04:00:00Z,initial_activation
452010000000718,+84970000718,active,452,01,Viettel,true,false,true,2022-02-17T20:00:00Z,2022-04-07T20:00:00Z,initial_activation
452010000000719,+84970000719,active,452,01,Viettel,true,false,true,2022-09-01T09:00:00Z,2022-11-22T09:00:00Z,initial_activation
452010900000719,+84970000719,active,452,01,Viettel,true,false,true,2023-02-03T09:00:00Z,2023-02-03T09:00:00Z,customer_request
452010000000720,+84970000720,active,452,01,Viettel,true,false,true,2022-02-12T23:00:00Z,2022-04-09T23:00:00Z,initial_activation
452010000000721,+84970000721,active,452,01,Viettel,true,false,true,2022-06-20T02:00:00Z,2022-07-03T02:00:00Z,initial_activation
452010000000722,+84970000722,active,452,01,Viettel,true,false,true,2022-01-22T15:00:00Z,2022-02-19T15:00:00Z,initial_activation
452010000000723,+84970000723,active,452,01,Viettel,true,false,true,2022-12-22T02:00:00Z,2023-02-21T02:00:00Z,initial_activation
452010000000724,+84970000724,active,452,01,Viettel,true,false,true,2022-02-09T05:00:00Z,2022-03-17T05:00:00Z,initial_activation
452010000000725,+84970000725,active,452,01,Viettel,true,false,true,2022-10-17T05:00:00Z,2022-10-22T05:00:00Z,initial_activation
452010000000726,+84970000726,active,452,01,Viettel,true,false,true,2022-06-11T08:00:00Z,2022-07-08T08:00:00Z,initial_activation
452010000000727,+84970000727,active,452,01,Viettel,true,false,true,2022-12-31T20:00:00Z,2023-01-10T20:00:00Z,initial_activation
452010000000728,+84970000728,active,452,01,Viettel,true,false,true,2022-10-16T15:00:00Z,2022-12-28T15:00:00Z,initial_activation
452010000000729,+84970000729,active,452,01,Viettel,true,false,true,2022-07-20T05:00:00Z,2022-09-28T05:00:00Z,initial_activation
452010000000730,+84970000730,active,452,01,Viettel,true,false,true,2022-03-14T06:00:00Z,2022-06-15T06:00:00Z,initial_activation
452010000000731,+84970000731,active,452,01,Viettel,true,false,true,2022-06-27T09:00:00Z,2022-07-10T09:00:00Z,initial_activation
452010000000732,+84970000732,active,452,01,Viettel,true,false,true,2022-02-08T18:00:00Z,2022-04-27T18:00:00Z,initial_activation
452010000000733,+84970000733,active,452,01,Viettel,true,false,true,2022-11-01T20:00:00Z,2023-02-09T20:00:00Z,initial_activation
452010000000734,+84970000734,active,452,01,Viettel,true,false,true,2022-11-21T16:00:00Z,2023-01-18T16:00:00Z,initial_activation
452010000000735,+84970000735,active,452,01,Viettel,true,false,true,2022-07-03T01:00:00Z,2022-08-21T01:00:00Z,initial_activation
452010000000736,+84970000736,active,452,01,Viettel,true,false,true,2022-12-16T02:00:00Z,2023-03-11T02:00:00Z,initial_activation
452010000000737,+84970000737,active,452,01,Viettel,true,false,true,2022-11-13T17:00:00Z,2022-12-15T17:00:00Z,initial_activation
452010000000738,+84970000738,active,452,01,Viettel,true,false,true,2022-02-12T16:00:00Z,2022-03-04T16:00:00Z,initial_activation
452010000000739,+84970000739,active,452,01,Viettel,true,false,true,2022-11-21T12:00:00Z,2023-02-24T12:00:00Z,initial_activation
452010000000740,+84970000740,active,452,01,Viettel,true,false,true,2022-07-04T11:00:00Z,2022-07-16T11:00:00Z,initial_activation
452010900000740,+84970000740,active,452,01,Viettel,true,false,true,2022-11-01T11:00:00Z,2022-11-01T11:00:00Z,customer_request
452010000000741,+84970000741,active,452,01,Viettel,true,false,true,2022-08-16T19:00:00Z,2022-11-22T19:00:00Z,initial_activation
452010000000742,+84970000742,active,452,01,Viettel,true,false,true,2022-03-09T10:00:00Z,2022-04-02T10:00:00Z,initial_activation
452010000000743,+84970000743,active,452,01,Viettel,true,false,true,2022-10-14T01:00:00Z,2022-12-19T01:00:00Z,initial_activation
452010000000744,+84970000744,active,452,01,Viettel,true,false,true,2022-01-14T10:00:00Z,2022-03-01T10:00:00Z,initial_activation
452010000000745,+84970000745,active,452,01,Viettel,true,false,true,2022-11-03T03:00:00Z,2022-12-15T03:00:00Z,initial_activation
452010000000746,+84970000746,active,452,01,Viettel,true,false,true,2022-01-07T17:00:00Z,2022-03-01T17:00:00Z,initial_activation
452010000000747,+84970000747,active,452,01,Viettel,true,false,true,2022-02-14T07:00:00Z,2022-04-27T07:00:00Z,initial_activation
452010000000748,+84970000748,active,452,01,Viettel,true,false,true,2022-05-06T02:00:00Z,2022-07-12T02:00:00Z,initial_activation
452010000000749,+84970000749,active,452,01,Viettel,true,false,true,2022-07-14T13:00:00Z,2022-08-01T13:00:00Z,initial_activation
452010000000750,+84970000750,active,452,01,Viettel,true,false,true,2022-05-18T23:00:00Z,2022-06-06T23:00:00Z,initial_activation
452010000000751,+84970000751,active,452,01,Viettel,true,false,true,2022-08-11T16:00:00Z,2022-10-04T16:00:00Z,initial_activation
452010000000752,+84970000752,active,452,01,Viettel,true,false,true,2022-02-09T19:00:00Z,2022-03-14T19:00:00Z,initial_activation
452010000000753,+84970000753,active,452,01,Viettel,true,false,true,2022-11-17T23:00:00Z,2023-02-02T23:00:00Z,initial_activation
452010000000754,+84970000754,active,452,01,Viettel,true,false,true,2022-08-23T11:00:00Z,2022-09-10T11:00:00Z,initial_activation
452010000000755,+84970000755,active,452,01,Viettel,true,false,true,2022-07-22T18:00:00Z,2022-10-10T18:00:00Z,initial_activation
452010000000756,+84970000756,active,452,01,Viettel,true,false,true,2022-06-18T22:00:00Z,2022-07-31T22:00:00Z,initial_activation
452010000000757,+84970000757,active,452,01,Viettel,true,false,true,2022-12-01T03:00:00Z,2022-12-19T03:00:00Z,initial_activation
452010000000758,+84970000758,active,452,01,Viettel,true,false,true,2022-11-06T06:00:00Z,2022-12-02T06:00:00Z,initial_activation
452010000000759,+84970000759,active,452,01,Viettel,true,false,true,2022-04-01T20:00:00Z,2022-05-12T20:00:00Z,initial_activation
452010000000760,+84970000760,active,452,01,Viettel,true,false,true,2022-12-23T04:00:00Z,2023-02-24T04:00:00Z,initial_activation
452010000000761,+84970000761,active,452,01,Viettel,true,false,true,2022-05-05T18:00:00Z,2022-06-23T18:00:00Z,initial_activation
452010000000762,+84970000762,active,452,01,Viettel,true,false,true,2022-07-21T19:00:00Z,2022-08-05T19:00:00Z,initial_activation
452010000000763,+84970000763,active,452,01,Viettel,true,false,true,2022-04-14T02:00:00Z,2022-06-23T02:00:00Z,initial_activation
452010000000764,+84970000764,active,452,01,Viettel,true,false,true,2022-10-09T08:00:00Z,2023-01-11T08:00:00Z,initial_activation
452010000000765,+84970000765,active,452,01,Viettel,true,false,true,2022-12-29T14:00:00Z,2023-02-24T14:00:00Z,initial_activation
452010000000766,+84970000766,active,452,01,Viettel,true,false,true,2022-12-21T10:00:00Z,2023-02-12T10:00:00Z,initial_activation
452010000000767,+84970000767,active,452,01,Viettel,true,false,true,2022-03-14T04:00:00Z,2022-04-22T04:00:00Z,initial_activation
452010000000768,+84970000768,active,452,01,Viettel,true,false,true,2022-12-04T12:00:00Z,2023-03-06T12:00:00Z,initial_activation
452010000000769,+84970000769,active,452,01,Viettel,true,false,true,2022-07-13T10:00:00Z,2022-09-09T10:00:00Z,initial_activation
452010000000770,+84970000770,active,452,01,Viettel,true,false,true,2022-09-04T02:00:00Z,2022-10-26T02:00:00Z,initial_activation
452010000000771,+84970000771,active,452,01,Viettel,true,false,true,2022-12-21T21:00:00Z,2023-03-01T21:00:00Z,initial_activation
452010000000772,+84970000772,active,452,01,Viettel,true,false,true,2022-07-05T06:00:00Z,2022-09-12T06:00:00Z,initial_activation
452010000000773,+84970000773,active,452,01,Viettel,true,false,true,2022-02-13T11:00:00Z,2022-05-23T11:00:00Z,initial_activation
452010000000774,+84970000774,active,452,01,Viettel,true,false,true,2022-12-07T19:00:00Z,2022-12-29T19:00:00Z,initial_activation
452010000000775,+84970000775,active,452,01,Viettel,true,false,true,2022-01-24T02:00:00Z,2022-04-17T02:00:00Z,initial_activation
452010000000776,+84970000776,active,452,01,Viettel,true,false,true,2022-07-24T18:00:00Z,2022-09-18T18:00:00Z,initial_activation
452010000000777,+84970000777,active,452,01,Viettel,true,false,true,2022-02-20T16:00:00Z,2022-03-21T16:00:00Z,initial_activation
452010000000778,+84970000778,active,452,01,Viettel,true,false,true,2022-09-24T01:00:00Z,2022-12-08T01:00:00Z,initial_activation
452010000000779,+84970000779,active,452,01,Viettel,true,false,true,2022-04-24T22:00:00Z,2022-06-11T22:00:00Z,initial_activation
452010000000780,+84970000780,active,452,01,Viettel,true,false,true,2022-12-15T02:00:00Z,2023-03-14T02:00:00Z,initial_activation
452010000000781,+84970000781,active,452,01,Viettel,true,false,true,2022-06-26T08:00:00Z,2022-08-27T08:00:00Z,initial_activation
452010000000782,+84970000782,active,452,01,Viettel,true,false,true,2022-08-01T10:00:00Z,2022-08-16T10:00:00Z,initial_activation
452010000000783,+84970000783,active,452,01,Viettel,true,false,true,2022-03-14T19:00:00Z,2022-04-23T19:00:00Z,initial_activation
452010000000784,+84970000784,active,452,01,Viettel,true,false,true,2022-04-17T00:00:00Z,2022-06-18T00:00:00Z,initial_activation
452010000000785,+84970000785,active,452,01,Viettel,true,false,true,2022-02-19T22:00:00Z,2022-05-23T22:00:00Z,initial_activation
452010000000786,+84970000786,active,452,01,Viettel,true,false,true,2022-06-13T10:00:00Z,2022-07-22T10:00:00Z,initial_activation
452010000000787,+84970000787,active,452,01,Viettel,true,false,true,2022-12-30T11:00:00Z,2023-01-02T11:00:00Z,initial_activation
452010000000788,+84970000788,active,452,01,Viettel,true,false,true,2022-11-28T11:00:00Z,2023-02-23T11:00:00Z,initial_activation
452010000000789,+84970000789,active,452,01,Viettel,true,false,true,2022-05-06T00:00:00Z,2022-05-29T00:00:00Z,initial_activation
452010000000790,+84970000790,active,452,01,Viettel,true,false,true,2022-06-20T01:00:00Z,2022-08-14T01:00:00Z,initial_activation
452010000000791,+84970000791,active,452,01,Viettel,true,false,true,2022-04-29T20:00:00Z,2022-07-19T20:00:00Z,initial_activation
452010000000792,+84970000792,active,452,01,Viettel,true,false,true,2022-11-25T05:00:00Z,2023-01-20T05:00:00Z,initial_activation
452010000000793,+84970000793,active,452,01,Viettel,true,false,true,2022-11-11T14:00:00Z,2023-01-08T14:00:00Z,initial_activation
452010000000794,+84970000794,active,452,01,Viettel,true,false,true,2022-07-19T08:00:00Z,2022-10-18T08:00:00Z,initial_activation
452010000000795,+84970000795,active,452,01,Viettel,true,false,true,2022-05-24T06:00:00Z,2022-06-02T06:00:00Z,initial_activation
452010000000796,+84970000796,active,452,01,Viettel,true,false,true,2022-10-02T13:00:00Z,2022-11-18T13:00:00Z,initial_activation
452010000000797,+84970000797,active,452,01,Viettel,true,false,true,2022-08-23T11:00:00Z,2022-09-26T11:00:00Z,initial_activation
452010000000798,+84970000798,active,452,01,Viettel,true,false,true,2022-09-09T00:00:00Z,2022-11-30T00:00:00Z,initial_activation
452010000000799,+84970000799,active,452,01,Viettel,true,false,true,2022-07-19T03:00:00Z,2022-09-08T03:00:00Z,initial_activation
452010000000800,+84970000800,active,452,01,Viettel,true,false,true,2022-06-28T19:00:00Z,2022-08-26T19:00:00Z,initial_activation
452010000000801,+84970000801,active,452,01,Viettel,true,false,true,2022-12-12T06:00:00Z,2023-01-20T06:00:00Z,initial_activation
452010000000802,+84970000802,active,452,01,Viettel,true,false,true,2022-10-30T10:00:00Z,2023-01-25T10:00:00Z,initial_activation
452010000000803,+84970000803,active,452,01,Viettel,true,false,true,2022-03-02T15:00:00Z,2022-04-11T15:00:00Z,initial_activation
452010000000804,+84970000804,active,452,01,Viettel,true,false,true,2022-07-12T06:00:00Z,2022-07-31T06:00:00Z,initial_activation
452010000000805,+84970000805,active,452,01,Viettel,true,false,true,2022-08-04T03:00:00Z,2022-08-22T03:00:00Z,initial_activation
452010000000806,+84970000806,active,452,01,Viettel,true,false,true,2022-08-05T13:00:00Z,2022-10-07T13:00:00Z,initial_activation
452010000000807,+84970000807,active,452,01,Viettel,true,false,true,2022-12-23T04:00:00Z,2023-01-15T04:00:00Z,initial_activation
452010000000808,+84970000808,active,452,01,Viettel,true,false,true,2022-09-08T17:00:00Z,2022-09-26T17:00:00Z,initial_activation
452010000000809,+84970000809,active,452,01,Viettel,true,false,true,2022-08-20T03:00:00Z,2022-08-27T03:00:00Z,initial_activation
452010000000810,+84970000810,active,452,01,Viettel,true,false,true,2022-01-05T23:00:00Z,2022-01-23T23:00:00Z,initial_activation
452010000000811,+84970000811,active,452,01,Viettel,true,false,true,2022-07-17T01:00:00Z,2022-09-20T01:00:00Z,initial_activation
452010000000812,+84970000812,active,452,01,Viettel,true,false,true,2022-07-30T05:00:00Z,2022-10-01T05:00:00Z,initial_activation
452010000000813,+84970000813,active,452,01,Viettel,true,false,true,2022-08-16T23:00:00Z,2022-09-07T23:00:00Z,initial_activation
452010000000814,+84970000814,active,452,01,Viettel,true,false,true,2022-01-16T15:00:00Z,2022-02-23T15:00:00Z,initial_activation
452010000000815,+84970000815,active,452,01,Viettel,true,false,true,2022-04-27T01:00:00Z,2022-06-03T01:00:00Z,initial_activation
452010000000816,+84970000816,active,452,01,Viettel,true,false,true,2022-08-24T02:00:00Z,2022-11-28T02:00:00Z,initial_activation
452010000000817,+84970000817,active,452,01,Viettel,true,false,true,2022-09-12T01:00:00Z,2022-11-17T01:00:00Z,initial_activation
452010000000818,+84970000818,active,452,01,Viettel,true,false,true,2022-02-28T16:00:00Z,2022-06-08T16:00:00Z,initial_activation
452010000000819,+84970000819,active,452,01,Viettel,true,false,true,2022-07-08T01:00:00Z,2022-10-13T01:00:00Z,initial_activation
452010000000820,+84970000820,active,452,01,Viettel,true,false,true,2022-08-15T01:00:00Z,2022-09-12T01:00:00Z,initial_activation
452010000000821,+84970000821,active,452,01,Viettel,true,false,true,2022-02-23T07:00:00Z,2022-05-18T07:00:00Z,initial_activation
452010000000822,+84970000822,active,452,01,Viettel,true,false,true,2022-06-02T09:00:00Z,2022-07-30T09:00:00Z,initial_activation
452010000000823,+84970000823,active,452,01,Viettel,true,false,true,2022-02-14T22:00:00Z,2022-03-02T22:00:00Z,initial_activation
452010000000824,+84970000824,active,452,01,Viettel,true,false,true,2022-05-02T14:00:00Z,2022-08-05T14:00:00Z,initial_activation
452010000000825,+84970000825,active,452,01,Viettel,true,false,true,2022-06-30T06:00:00Z,2022-09-17T06:00:00Z,initial_activation
452010000000826,+84970000826,active,452,01,Viettel,true,false,true,2022-03-27T03:00:00Z,2022-04-14T03:00:00Z,initial_activation
452010000000827,+84970000827,active,452,01,Viettel,true,false,true,2022-04-16T09:00:00Z,2022-06-28T09:00:00Z,initial_activation
452010000000828,+84970000828,active,452,01,Viettel,true,false,true,2022-05-25T03:00:00Z,2022-08-02T03:00:00Z,initial_activation
452010000000829,+84970000829,active,452,01,Viettel,true,false,true,2022-12-27T17:00:00Z,2023-02-03T17:00:00Z,initial_activation
452010000000830,+84970000830,active,452,01,Viettel,true,false,true,2022-09-22T05:00:00Z,2022-10-05T05:00:00Z,initial_activation
452010000000831,+84970000831,active,452,01,Viettel,true,false,true,2022-07-30T09:00:00Z,2022-09-04T09:00:00Z,initial_activation
452010000000832,+84970000832,active,452,01,Viettel,true,false,true,2022-03-07T06:00:00Z,2022-03-24T06:00:00Z,initial_activation
452010000000833,+84970000833,active,452,01,Viettel,true,false,true,2022-12-31T18:00:00Z,2023-02-01T18:00:00Z,initial_activation
452010000000834,+84970000834,active,452,01,Viettel,true,false,true,2022-12-13T20:00:00Z,2023-02-14T20:00:00Z,initial_activation
452010000000835,+84970000835,active,452,01,Viettel,true,false,true,2022-11-20T16:00:00Z,2023-02-09T16:00:00Z,initial_activation
452010000000836,+84970000836,active,452,01,Viettel,true,false,true,2022-08-20T10:00:00Z,2022-11-10T10:00:00Z,initial_activation
452010000000837,+84970000837,active,452,01,Viettel,true,false,true,2022-02-17T20:00:00Z,2022-04-24T20:00:00Z,initial_activation
452010000000838,+84970000838,active,452,01,Viettel,true,false,true,2022-12-22T19:00:00Z,2023-02-19T19:00:00Z,initial_activation
452010000000839,+84970000839,active,452,01,Viettel,true,false,true,2022-06-18T02:00:00Z,2022-06-19T02:00:00Z,initial_activation
452010000000840,+84970000840,active,452,01,Viettel,true,false,true,2022-02-18T07:00:00Z,2022-04-18T07:00:00Z,initial_activation
452010000000841,+84970000841,active,452,01,Viettel,true,false,true,2022-12-24T19:00:00Z,2023-01-02T19:00:00Z,initial_activation
452010000000842,+84970000842,active,452,01,Viettel,true,false,true,2022-07-23T14:00:00Z,2022-09-16T14:00:00Z,initial_activation
452010000000843,+84970000843,active,452,01,Viettel,true,false,true,2022-09-11T16:00:00Z,2022-10-23T16:00:00Z,initial_activation
452010000000844,+84970000844,active,452,01,Viettel,true,false,true,2022-06-23T01:00:00Z,2022-09-05T01:00:00Z,initial_activation
452010000000845,+84970000845,active,452,01,Viettel,true,false,true,2022-09-06T18:00:00Z,2022-12-03T18:00:00Z,initial_activation
452010000000846,+84970000846,active,452,01,Viettel,true,false,true,2022-01-24T11:00:00Z,2022-04-15T11:00:00Z,initial_activation
452010000000847,+84970000847,active,452,01,Viettel,true,false,true,2022-08-24T08:00:00Z,2022-09-09T08:00:00Z,initial_activation
452010000000848,+84970000848,active,452,01,Viettel,true,false,true,2022-03-22T22:00:00Z,2022-05-20T22:00:00Z,initial_activation
452010900000848,+84970000848,active,452,01,Viettel,true,false,true,2022-10-06T22:00:00Z,2022-10-06T22:00:00Z,customer_request
452010000000849,+84970000849,active,452,01,Viettel,true,false,true,2022-04-15T06:00:00Z,2022-05-02T06:00:00Z,initial_activation
452010000000850,+84970000850,active,452,01,Viettel,true,false,true,2022-06-04T13:00:00Z,2022-07-10T13:00:00Z,initial_activation
452010000000851,+84970000851,active,452,01,Viettel,true,false,true,2022-07-04T16:00:00Z,2022-07-15T16:00:00Z,initial_activation
452010000000852,+84970000852,active,452,01,Viettel,true,false,true,2022-11-29T13:00:00Z,2022-12-06T13:00:00Z,initial_activation
452010000000853,+84970000853,active,452,01,Viettel,true,false,true,2022-06-07T07:00:00Z,2022-09-05T07:00:00Z,initial_activation
452010000000854,+84970000854,active,452,01,Viettel,true,false,true,2022-08-09T04:00:00Z,2022-08-21T04:00:00Z,initial_activation
452010000000855,+84970000855,active,452,01,Viettel,true,false,true,2022-01-01T14:00:00Z,2022-03-04T14:00:00Z,initial_activation
452010000000856,+84970000856,active,452,01,Viettel,true,false,true,2022-10-31T15:00:00Z,2023-01-06T15:00:00Z,initial_activation
452010000000857,+84970000857,active,452,01,Viettel,true,false,true,2022-01-05T08:00:00Z,2022-04-05T08:00:00Z,initial_activation
452010000000858,+84970000858,active,452,01,Viettel,true,false,true,2022-03-03T21:00:00Z,2022-05-31T21:00:00Z,initial_activation
452010000000859,+84970000859,active,452,01,Viettel,true,false,true,2022-02-06T15:00:00Z,2022-03-28T15:00:00Z,initial_activation
452010000000860,+84970000860,active,452,01,Viettel,true,false,true,2022-02-22T11:00:00Z,2022-04-04T11:00:00Z,initial_activation
452010000000861,+84970000861,active,452,01,Viettel,true,false,true,2022-06-03T12:00:00Z,2022-07-22T12:00:00Z,initial_activation
452010000000862,+84970000862,active,452,01,Viettel,true,false,true,2022-03-11T04:00:00Z,2022-06-06T04:00:00Z,initial_activation
452010000000863,+84970000863,active,452,01,Viettel,true,false,true,2022-09-30T02:00:00Z,2022-10-02T02:00:00Z,initial_activation
452010000000864,+84970000864,active,452,01,Viettel,true,false,true,2022-03-26T22:00:00Z,2022-05-10T22:00:00Z,initial_activation
452010000000865,+84970000865,active,452,01,Viettel,true,false,true,2022-11-19T07:00:00Z,2022-12-09T07:00:00Z,initial_activation
452010000000866,+84970000866,active,452,01,Viettel,true,false,true,2022-11-13T05:00:00Z,2023-01-09T05:00:00Z,initial_activation
452010000000867,+84970000867,active,452,01,Viettel,true,false,true,2022-02-14T11:00:00Z,2022-03-04T11:00:00Z,initial_activation
452010000000868,+84970000868,active,452,01,Viettel,true,false,true,2022-10-30T07:00:00Z,2022-12-19T07:00:00Z,initial_activation
452010000000869,+84970000869,active,452,01,Viettel,true,false,true,2022-08-08T18:00:00Z,2022-08-26T18:00:00Z,initial_activation
452010000000870,+84970000870,active,452,01,Viettel,true,false,true,2022-11-27T10:00:00Z,2022-12-29T10:00:00Z,initial_activation
452010000000871,+84970000871,active,452,01,Viettel,true,false,true,2022-11-05T07:00:00Z,2023-01-22T07:00:00Z,initial_activation
452010000000872,+84970000872,active,452,01,Viettel,true,false,true,2022-12-20T08:00:00Z,2023-03-15T08:00:00Z,initial_activation
452010000000873,+84970000873,active,452,01,Viettel,true,false,true,2022-04-17T00:00:00Z,2022-07-04T00:00:00Z,initial_activation
452010000000874,+84970000874,active,452,01,Viettel,true,false,true,2022-07-20T17:00:00Z,2022-10-11T17:00:00Z,initial_activation
452010000000875,+84970000875,active,452,01,Viettel,true,false,true,2022-05-03T23:00:00Z,2022-06-22T23:00:00Z,initial_activation
452010000000876,+84970000876,active,452,01,Viettel,true,false,true,2022-09-14T04:00:00Z,2022-11-30T04:00:00Z,initial_activation
452010000000877,+84970000877,active,452,01,Viettel,true,false,true,2022-01-07T19:00:00Z,2022-02-17T19:00:00Z,initial_activation
452010000000878,+84970000878,active,452,01,Viettel,true,false,true,2022-10-19T21:00:00Z,2022-12-05T21:00:00Z,initial_activation
452010000000879,+84970000879,active,452,01,Viettel,true,false,true,2022-03-30T23:00:00Z,2022-07-07T23:00:00Z,initial_activation
452010000000880,+84970000880,active,452,01,Viettel,true,false,true,2022-10-28T10:00:00Z,2022-10-30T10:00:00Z,initial_activation
452010000000881,+84970000881,active,452,01,Viettel,true,false,true,2022-01-21T09:00:00Z,2022-03-13T09:00:00Z,initial_activation
452010000000882,+84970000882,active,452,01,Viettel,true,false,true,2022-11-19T06:00:00Z,2023-01-23T06:00:00Z,initial_activation
452010000000883,+84970000883,active,452,01,Viettel,true,false,true,2022-08-06T06:00:00Z,2022-09-27T06:00:00Z,initial_activation
452010000000884,+84970000884,active,452,01,Viettel,true,false,true,2022-10-03T01:00:00Z,2022-12-21T01:00:00Z,initial_activation
452010000000885,+84970000885,active,452,01,Viettel,true,false,true,2022-02-12T17:00:00Z,2022-02-23T17:00:00Z,initial_activation
452010000000886,+84970000886,active,452,01,Viettel,true,false,true,2022-04-15T12:00:00Z,2022-06-23T12:00:00Z,initial_activation
452010000000887,+84970000887,active,452,01,Viettel,true,false,true,2022-10-29T04:00:00Z,2023-02-04T04:00:00Z,initial_activation
452010000000888,+84970000888,active,452,01,Viettel,true,false,true,2022-12-16T04:00:00Z,2022-12-25T04:00:00Z,initial_activation
452010000000889,+84970000889,active,452,01,Viettel,true,false,true,2022-08-13T07:00:00Z,2022-09-13T07:00:00Z,initial_activation
452010000000890,+84970000890,active,452,01,Viettel,true,false,true,2022-02-14T21:00:00Z,2022-03-01T21:00:00Z,initial_activation
452010000000891,+84970000891,active,452,01,Viettel,true,false,true,2022-11-08T09:00:00Z,2022-12-18T09:00:00Z,initial_activation
452010000000892,+84970000892,active,452,01,Viettel,true,false,true,2022-12-04T07:00:00Z,2022-12-27T07:00:00Z,initial_activation
452010000000893,+84970000893,active,452,01,Viettel,true,false,true,2022-12-29T12:00:00Z,2023-03-29T12:00:00Z,initial_activation
452010900000893,+84970000893,active,452,01,Viettel,true,false,true,2023-09-02T12:00:00Z,2023-09-02T12:00:00Z,customer_request
452010000000894,+84970000894,active,452,01,Viettel,true,false,true,2022-06-28T00:00:00Z,2022-09-03T00:00:00Z,initial_activation
452010000000895,+84970000895,active,452,01,Viettel,true,false,true,2022-05-13T13:00:00Z,2022-06-30T13:00:00Z,initial_activation
452010000000896,+84970000896,active,452,01,Viettel,true,false,true,2022-05-19T07:00:00Z,2022-06-04T07:00:00Z,initial_activation
452010000000897,+84970000897,active,452,01,Viettel,true,false,true,2022-01-16T18:00:00Z,2022-03-12T18:00:00Z,initial_activation
452010000000898,+84970000898,active,452,01,Viettel,true,false,true,2022-02-02T16:00:00Z,2022-05-05T16:00:00Z,initial_activation
452010000000899,+84970000899,active,452,01,Viettel,true,false,true,2022-11-18T10:00:00Z,2023-01-21T10:00:00Z,initial_activation
452010000000900,+84970000900,active,452,01,Viettel,true,false,true,2022-07-04T09:00:00Z,2022-09-06T09:00:00Z,initial_activation
452010000000901,+84970000901,active,452,01,Viettel,true,false,true,2022-03-27T19:00:00Z,2022-04-17T19:00:00Z,initial_activation
452010000000902,+84970000902,active,452,01,Viettel,true,false,true,2022-02-23T02:00:00Z,2022-05-21T02:00:00Z,initial_activation
452010000000903,+84970000903,active,452,01,Viettel,true,false,true,2022-04-28T07:00:00Z,2022-07-03T07:00:00Z,initial_activation
452010900000903,+84970000903,active,452,01,Viettel,true,false,true,2022-08-05T07:00:00Z,2022-08-05T07:00:00Z,customer_request
452010000000904,+84970000904,active,452,01,Viettel,true,false,true,2022-05-06T09:00:00Z,2022-07-06T09:00:00Z,initial_activation
452010000000905,+84970000905,active,452,01,Viettel,true,false,true,2022-03-18T13:00:00Z,2022-03-23T13:00:00Z,initial_activation
452010000000906,+84970000906,active,452,01,Viettel,true,false,true,2023-01-02T07:00:00Z,2023-03-27T07:00:00Z,initial_activation
452010000000907,+84970000907,active,452,01,Viettel,true,false,true,2022-06-14T15:00:00Z,2022-08-07T15:00:00Z,initial_activation
452010000000908,+84970000908,active,452,01,Viettel,true,false,true,2022-06-13T16:00:00Z,2022-06-23T16:00:00Z,initial_activation
452010000000909,+84970000909,active,452,01,Viettel,true,false,true,2022-03-04T00:00:00Z,2022-05-30T00:00:00Z,initial_activation
452010000000910,+84970000910,active,452,01,Viettel,true,false,true,2022-04-02T15:00:00Z,2022-06-08T15:00:00Z,initial_activation
452010000000911,+84970000911,active,452,01,Viettel,true,false,true,2022-07-25T10:00:00Z,2022-09-23T10:00:00Z,initial_activation
452010000000912,+84970000912,active,452,01,Viettel,true,false,true,2022-06-09T18:00:00Z,2022-06-21T18:00:00Z,initial_activation
452010000000913,+84970000913,active,452,01,Viettel,true,false,true,2022-01-05T19:00:00Z,2022-01-31T19:00:00Z,initial_activation
452010000000914,+84970000914,active,452,01,Viettel,true,false,true,2022-06-06T07:00:00Z,2022-08-25T07:00:00Z,initial_activation
452010000000915,+84970000915,active,452,01,Viettel,true,false,true,2022-07-09T02:00:00Z,2022-09-11T02:00:00Z,initial_activation
452010000000916,+84970000916,active,452,01,Viettel,true,false,true,2022-04-12T07:00:00Z,2022-06-21T07:00:00Z,initial_activation
452010000000917,+84970000917,active,452,01,Viettel,true,false,true,2022-05-06T12:00:00Z,2022-05-07T12:00:00Z,initial_activation
452010000000918,+84970000918,active,452,01,Viettel,true,false,true,2022-01-13T15:00:00Z,2022-03-24T15:00:00Z,initial_activation
452010000000919,+84970000919,active,452,01,Viettel,true,false,true,2022-12-22T08:00:00Z,2023-02-03T08:00:00Z,initial_activation
452010900000919,+84970000919,active,452,01,Viettel,true,false,true,2023-06-09T08:00:00Z,2023-06-09T08:00:00Z,customer_request
452010000000920,+84970000920,active,452,01,Viettel,true,false,true,2022-06-07T11:00:00Z,2022-07-04T11:00:00Z,initial_activation
452010000000921,+84970000921,active,452,01,Viettel,true,false,true,2022-05-02T21:00:00Z,2022-07-04T21:00:00Z,initial_activation
452010000000922,+84970000922,active,452,01,Viettel,true,false,true,2022-03-15T06:00:00Z,2022-04-20T06:00:00Z,initial_activation
452010000000923,+84970000923,active,452,01,Viettel,true,false,true,2022-04-30T00:00:00Z,2022-06-22T00:00:00Z,initial_activation
452010000000924,+84970000924,active,452,01,Viettel,true,false,true,2022-07-10T22:00:00Z,2022-10-14T22:00:00Z,initial_activation
452010000000925,+84970000925,active,452,01,Viettel,true,false,true,2022-02-19T00:00:00Z,2022-03-09T00:00:00Z,initial_activation
452010000000926,+84970000926,active,452,01,Viettel,true,false,true,2022-07-21T10:00:00Z,2022-10-05T10:00:00Z,initial_activation
452010000000927,+84970000927,active,452,01,Viettel,true,false,true,2022-08-12T05:00:00Z,2022-08-29T05:00:00Z,initial_activation
452010000000928,+84970000928,active,452,01,Viettel,true,false,true,2022-05-14T18:00:00Z,2022-07-04T18:00:00Z,initial_activation
452010000000929,+84970000929,active,452,01,Viettel,true,false,true,2022-06-17T18:00:00Z,2022-08-14T18:00:00Z,initial_activation
452010000000930,+84970000930,active,452,01,Viettel,true,false,true,2022-02-08T14:00:00Z,2022-02-26T14:00:00Z,initial_activation
452010000000931,+84970000931,active,452,01,Viettel,true,false,true,2022-10-27T11:00:00Z,2022-11-16T11:00:00Z,initial_activation
452010000000932,+84970000932,active,452,01,Viettel,true,false,true,2022-08-19T22:00:00Z,2022-09-29T22:00:00Z,initial_activation
452010000000933,+84970000933,active,452,01,Viettel,true,false,true,2022-10-02T19:00:00Z,2023-01-09T19:00:00Z,initial_activation
452010000000934,+84970000934,active,452,01,Viettel,true,false,true,2022-06-07T22:00:00Z,2022-07-11T22:00:00Z,initial_activation
452010000000935,+84970000935,active,452,01,Viettel,true,false,true,2022-02-16T13:00:00Z,2022-05-15T13:00:00Z,initial_activation
452010000000936,+84970000936,active,452,01,Viettel,true,false,true,2022-12-28T06:00:00Z,2023-03-16T06:00:00Z,initial_activation
452010000000937,+84970000937,active,452,01,Viettel,true,false,true,2022-06-17T12:00:00Z,2022-06-29T12:00:00Z,initial_activation
452010000000938,+84970000938,active,452,01,Viettel,true,false,true,2022-07-02T20:00:00Z,2022-09-06T20:00:00Z,initial_activation
452010000000939,+84970000939,active,452,01,Viettel,true,false,true,2022-06-03T16:00:00Z,2022-06-26T16:00:00Z,initial_activation
452010000000940,+84970000940,active,452,01,Viettel,true,false,true,2022-07-27T22:00:00Z,2022-10-07T22:00:00Z,initial_activation
452010000000941,+84970000941,active,452,01,Viettel,true,false,true,2022-05-08T11:00:00Z,2022-07-07T11:00:00Z,initial_activation
452010000000942,+84970000942,active,452,01,Viettel,true,false,true,2022-03-13T11:00:00Z,2022-03-15T11:00:00Z,initial_activation
452010000000943,+84970000943,active,452,01,Viettel,true,false,true,2022-04-24T12:00:00Z,2022-05-20T12:00:00Z,initial_activation
452010000000944,+84970000944,active,452,01,Viettel,true,false,true,2022-07-11T05:00:00Z,2022-09-30T05:00:00Z,initial_activation
452010000000945,+84970000945,active,452,01,Viettel,true,false,true,2022-02-14T02:00:00Z,2022-05-01T02:00:00Z,initial_activation
452010000000946,+84970000946,active,452,01,Viettel,true,false,true,2022-02-08T08:00:00Z,2022-02-17T08:00:00Z,initial_activation
452010000000947,+84970000947,active,452,01,Viettel,true,false,true,2022-11-27T22:00:00Z,2022-12-14T22:00:00Z,initial_activation
452010000000948,+84970000948,active,452,01,Viettel,true,false,true,2022-06-19T11:00:00Z,2022-06-25T11:00:00Z,initial_activation
452010000000949,+84970000949,active,452,01,Viettel,true,false,true,2022-01-26T13:00:00Z,2022-04-10T13:00:00Z,initial_activation
452010000000950,+84970000950,active,452,01,Viettel,true,false,true,2022-07-22T23:00:00Z,2022-07-26T23:00:00Z,initial_activation
452010000000951,+84970000951,active,452,01,Viettel,true,false,true,2022-08-07T13:00:00Z,2022-09-22T13:00:00Z,initial_activation
452010000000952,+84970000952,active,452,01,Viettel,true,false,true,2022-04-06T16:00:00Z,2022-05-12T16:00:00Z,initial_activation
452010000000953,+84970000953,active,452,01,Viettel,true,false,true,2022-03-18T09:00:00Z,2022-06-05T09:00:00Z,initial_activation
452010000000954,+84970000954,active,452,01,Viettel,true,false,true,2022-05-07T04:00:00Z,2022-06-14T04:00:00Z,initial_activation
452010000000955,+84970000955,active,452,01,Viettel,true,false,true,2022-10-09T23:00:00Z,2022-10-17T23:00:00Z,initial_activation
452010000000956,+84970000956,active,452,01,Viettel,true,false,true,2022-07-16T12:00:00Z,2022-09-08T12:00:00Z,initial_activation
452010000000957,+84970000957,active,452,01,Viettel,true,false,true,2022-09-27T15:00:00Z,2022-12-17T15:00:00Z,initial_activation
452010000000958,+84970000958,active,452,01,Viettel,true,false,true,2022-10-06T08:00:00Z,2022-11-24T08:00:00Z,initial_activation
452010000000959,+84970000959,active,452,01,Viettel,true,false,true,2022-07-03T23:00:00Z,2022-09-11T23:00:00Z,initial_activation
452010000000960,+84970000960,active,452,01,Viettel,true,false,true,2022-06-27T02:00:00Z,2022-08-31T02:00:00Z,initial_activation
452010000000961,+84970000961,active,452,01,Viettel,true,false,true,2022-05-19T13:00:00Z,2022-05-23T13:00:00Z,initial_activation
452010000000962,+84970000962,active,452,01,Viettel,true,false,true,2022-04-23T08:00:00Z,2022-08-01T08:00:00Z,initial_activation
452010000000963,+84970000963,active,452,01,Viettel,true,false,true,2022-08-31T00:00:00Z,2022-10-16T00:00:00Z,initial_activation
452010000000964,+84970000964,active,452,01,Viettel,true,false,true,2022-04-30T13:00:00Z,2022-05-13T13:00:00Z,initial_activation
452010000000965,+84970000965,active,452,01,Viettel,true,false,true,2022-05-04T16:00:00Z,2022-07-12T16:00:00Z,initial_activation
452010000000966,+84970000966,active,452,01,Viettel,true,false,true,2022-01-29T15:00:00Z,2022-04-13T15:00:00Z,initial_activation
452010000000967,+84970000967,active,452,01,Viettel,true,false,true,2022-07-18T19:00:00Z,2022-08-10T19:00:00Z,initial_activation
452010000000968,+84970000968,active,452,01,Viettel,true,false,true,2022-10-31T18:00:00Z,2023-02-03T18:00:00Z,initial_activation
452010000000969,+84970000969,active,452,01,Viettel,true,false,true,2022-10-30T08:00:00Z,2023-01-29T08:00:00Z,initial_activation
452010000000970,+84970000970,active,452,01,Viettel,true,false,true,2022-10-19T02:00:00Z,2022-11-07T02:00:00Z,initial_activation
452010000000971,+84970000971,active,452,01,Viettel,true,false,true,2022-04-07T23:00:00Z,2022-06-16T23:00:00Z,initial_activation
452010000000972,+84970000972,active,452,01,Viettel,true,false,true,2022-09-09T09:00:00Z,2022-09-21T09:00:00Z,initial_activation
452010000000973,+84970000973,active,452,01,Viettel,true,false,true,2022-11-05T15:00:00Z,2022-11-08T15:00:00Z,initial_activation
452010000000974,+84970000974,active,452,01,Viettel,true,false,true,2022-01-01T18:00:00Z,2022-03-21T18:00:00Z,initial_activation
452010000000975,+84970000975,active,452,01,Viettel,true,false,true,2022-03-08T18:00:00Z,2022-06-08T18:00:00Z,initial_activation
452010000000976,+84970000976,active,452,01,Viettel,true,false,true,2022-06-15T09:00:00Z,2022-06-18T09:00:00Z,initial_activation
452010000000977,+84970000977,active,452,01,Viettel,true,false,true,2022-12-27T12:00:00Z,2023-04-06T12:00:00Z,initial_activation
452010000000978,+84970000978,active,452,01,Viettel,true,false,true,2022-09-27T19:00:00Z,2022-10-07T19:00:00Z,initial_activation
452010000000979,+84970000979,active,452,01,Viettel,true,false,true,2022-12-06T20:00:00Z,2023-02-20T20:00:00Z,initial_activation
452010000000980,+84970000980,active,452,01,Viettel,true,false,true,2022-06-04T18:00:00Z,2022-06-22T18:00:00Z,initial_activation
452010000000981,+84970000981,active,452,01,Viettel,true,false,true,2022-08-13T04:00:00Z,2022-10-15T04:00:00Z,initial_activation
452010000000982,+84970000982,active,452,01,Viettel,true,false,true,2022-04-01T06:00:00Z,2022-06-12T06:00:00Z,initial_activation
452010000000983,+84970000983,active,452,01,Viettel,true,false,true,2022-11-11T19:00:00Z,2022-12-10T19:00:00Z,initial_activation
452010000000984,+84970000984,active,452,01,Viettel,true,false,true,2022-03-31T20:00:00Z,2022-05-10T20:00:00Z,initial_activation
452010000000985,+84970000985,active,452,01,Viettel,true,false,true,2022-05-31T12:00:00Z,2022-06-23T12:00:00Z,initial_activation
452010000000986,+84970000986,active,452,01,Viettel,true,false,true,2022-12-27T02:00:00Z,2023-02-16T02:00:00Z,initial_activation
452010000000987,+84970000987,active,452,01,Viettel,true,false,true,2022-10-18T09:00:00Z,2022-11-11T09:00:00Z,initial_activation
452010000000988,+84970000988,active,452,01,Viettel,true,false,true,2022-11-10T15:00:00Z,2023-01-31T15:00:00Z,initial_activation
452010000000989,+84970000989,active,452,01,Viettel,true,false,true,2022-09-12T12:00:00Z,2022-10-25T12:00:00Z,initial_activation
452010000000990,+84970000990,active,452,01,Viettel,true,false,true,2022-05-02T19:00:00Z,2022-06-12T19:00:00Z,initial_activation
452010000000991,+84970000991,active,452,01,Viettel,true,false,true,2022-02-16T06:00:00Z,2022-05-13T06:00:00Z,initial_activation
452010000000992,+84970000992,active,452,01,Viettel,true,false,true,2022-06-21T22:00:00Z,2022-06-23T22:00:00Z,initial_activation
452010000000993,+84970000993,active,452,01,Viettel,true,false,true,2022-05-09T06:00:00Z,2022-05-18T06:00:00Z,initial_activation
452010000000994,+84970000994,active,452,01,Viettel,true,false,true,2022-02-26T07:00:00Z,2022-02-27T07:00:00Z,initial_activation
452010000000995,+84970000995,active,452,01,Viettel,true,false,true,2022-08-14T07:00:00Z,2022-10-07T07:00:00Z,initial_activation
452010000000996,+84970000996,active,452,01,Viettel,true,false,true,2022-07-31T23:00:00Z,2022-09-18T23:00:00Z,initial_activation
452010000000997,+84970000997,active,452,01,Viettel,true,false,true,2022-07-12T11:00:00Z,2022-09-12T11:00:00Z,initial_activation
452010000000998,+84970000998,active,452,01,Viettel,true,false,true,2022-10-24T04:00:00Z,2023-01-30T04:00:00Z,initial_activation
452010000000999,+84970000999,active,452,01,Viettel,true,false,true,2022-03-25T22:00:00Z,2022-04-04T22:00:00Z,initial_activation
