tac_code,manufacturer,model,device_type,operating_system,band_support,approved_date,status
770487,Realme,Realme X-45,smartphone,Android,GSM;WCDMA;LTE,2021-12-04,active
809570,Apple,iPad Mini 5,tablet,iOS,GSM;WCDMA;LTE,2020-04-08,active
629903,Samsung,Samsung X-93,tablet,Android,GSM;WCDMA;LTE;NR,2023-04-15,active
717889,Samsung,Samsung X-30,smartphone,Android,GSM;WCDMA;LTE;NR,2022-05-05,active
325772,Sierra Wireless,Sierra Wireless X-23,iot,Embedded Linux,GSM;WCDMA,2020-06-28,active
460663,Apple,iPad Mini 6,tablet,iOS,GSM;WCDMA;LTE,2023-02-18,active
407419,Netgear,Netgear X-83,router,Embedded Linux,GSM;WCDMA;LTE,2020-01-22,active
338968,Apple,iPad Mini 4,tablet,iOS,GSM;WCDMA;LTE,2023-11-27,active
482554,Xiaomi,Xiaomi X-36,smartphone,Android,GSM;WCDMA;LTE;NR,2025-11-21,active
174870,Samsung,Samsung X-78,tablet,Android,GSM;WCDMA;LTE;NR,2021-08-13,active
383060,SimCom,SimCom X-97,iot,RTOS,GSM;WCDMA,2020-04-27,active
133659,ZTE,ZTE X-44,router,Embedded Linux,GSM;WCDMA;LTE,2024-12-11,active
322955,Huawei,Huawei X-92,tablet,HarmonyOS,GSM;WCDMA;LTE;NR,2022-03-08,active
881177,Xiaomi,Xiaomi X-84,smartphone,Android,GSM;WCDMA;LTE;NR,2024-07-12,active
329974,SimCom,SimCom X-75,iot,RTOS,GSM;WCDMA;NR,2020-02-05,active
757924,Realme,Realme X-64,smartphone,Android,GSM;WCDMA;LTE;NR,2023-07-20,active
590785,Vivo,Vivo X-11,smartphone,Android,GSM;WCDMA;LTE;NR,2020-11-18,active
887352,Realme,Realme X-53,smartphone,Android,GSM;WCDMA;LTE,2023-03-15,active
103402,Sierra Wireless,Sierra Wireless X-74,iot,Embedded Linux,GSM;WCDMA;NR,2024-02-28,active
755674,Realme,Realme X-74,smartphone,Android,GSM;WCDMA;LTE;NR,2021-06-25,active
269396,Vivo,Vivo X-10,smartphone,Android,GSM;WCDMA;LTE;NR,2023-01-04,active
480612,Netgear,Netgear X-40,router,Embedded Linux,GSM;WCDMA;LTE,2024-02-03,active
867460,Samsung,Samsung X-78,smartphone,Android,GSM;WCDMA;LTE;NR,2021-11-16,active
676510,Vivo,Vivo X-87,smartphone,Android,GSM;WCDMA;LTE;NR,2021-09-25,active
865388,Lenovo,Lenovo X-61,tablet,Android,GSM;WCDMA;LTE;NR,2025-06-15,active
642717,Apple,iPhone 12,smartphone,iOS,GSM;WCDMA;LTE,2020-10-18,active
341292,Samsung,Samsung X-19,smartphone,Android,GSM;WCDMA;LTE;NR,2020-04-03,active
132938,Huawei,Huawei X-75,router,HarmonyOS,GSM;WCDMA;LTE,2025-08-07,active
665427,Vivo,Vivo X-83,smartphone,Android,GSM;WCDMA;LTE;NR,2023-07-07,active
198907,Oppo,Oppo X-55,smartphone,Android,GSM;WCDMA;LTE;NR,2023-12-02,active
806073,Apple,iPad Mini 5,tablet,iOS,GSM;WCDMA;LTE;NR,2020-04-07,active
299448,Apple,iPhone 14,smartphone,iOS,GSM;WCDMA;LTE,2023-04-28,active
179046,Vivo,Vivo X-22,smartphone,Android,GSM;WCDMA;LTE,2024-01-03,active
890170,TP-Link,TP-Link X-62,router,Embedded Linux,GSM;WCDMA;LTE;NR,2021-07-02,active
272634,Oppo,Oppo X-43,smartphone,Android,GSM;WCDMA;LTE;NR,2023-05-14,active
830429,Telit,Telit X-29,iot,RTOS,GSM;WCDMA,2021-01-19,active
871476,Realme,Realme X-50,smartphone,Android,GSM;WCDMA;LTE,2024-08-17,active
994141,Samsung,Samsung X-75,smartphone,Android,GSM;WCDMA;LTE,2021-02-20,active
171262,Samsung,Samsung X-61,tablet,Android,GSM;WCDMA;LTE,2024-04-19,active
723398,Samsung,Samsung X-63,smartphone,Android,GSM;WCDMA;LTE;NR,2024-09-11,active
373432,Realme,Realme X-50,smartphone,Android,GSM;WCDMA;LTE,2023-03-22,active
776856,Xiaomi,Xiaomi X-19,smartphone,Android,GSM;WCDMA;LTE,2024-10-04,active
176819,Vivo,Vivo X-43,smartphone,Android,GSM;WCDMA;LTE,2022-02-08,active
487477,Oppo,Oppo X-79,smartphone,Android,GSM;WCDMA;LTE;NR,2024-11-17,active
108203,Lenovo,Lenovo X-94,tablet,Android,GSM;WCDMA;LTE,2021-05-04,active
212235,Samsung,Samsung X-44,tablet,Android,GSM;WCDMA;LTE,2021-12-11,active
313487,Lenovo,Lenovo X-74,tablet,Android,GSM;WCDMA;LTE;NR,2020-02-21,active
544151,Huawei,Huawei X-10,router,HarmonyOS,GSM;WCDMA;LTE,2021-11-09,active
269430,Huawei,Huawei X-81,tablet,HarmonyOS,GSM;WCDMA;LTE,2020-12-05,active
672092,Xiaomi,Xiaomi X-84,smartphone,Android,GSM;WCDMA;LTE;NR,2023-03-02,active
423232,Samsung,Samsung X-55,smartphone,Android,GSM;WCDMA;LTE,2021-11-04,active
470858,Huawei,Huawei X-89,tablet,HarmonyOS,GSM;WCDMA;LTE;NR,2021-03-26,active
950155,Oppo,Oppo X-13,smartphone,Android,GSM;WCDMA;LTE,2022-07-26,active
802448,TP-Link,TP-Link X-44,router,Embedded Linux,GSM;WCDMA;LTE,2025-02-13,active
140605,TP-Link,TP-Link X-35,router,Embedded Linux,GSM;WCDMA;LTE;NR,2023-06-10,active
960394,Samsung,Samsung X-38,tablet,Android,GSM;WCDMA;LTE,2021-07-11,active
392136,Netgear,Netgear X-54,router,Embedded Linux,GSM;WCDMA;LTE;NR,2023-11-27,active
662262,Samsung,Samsung X-24,smartphone,Android,GSM;WCDMA;LTE;NR,2022-03-19,active
378361,Vivo,Vivo X-65,smartphone,Android,GSM;WCDMA;LTE,2022-07-20,active
636265,Vivo,Vivo X-34,smartphone,Android,GSM;WCDMA;LTE,2025-07-01,active
645175,SimCom,SimCom X-56,iot,RTOS,GSM;WCDMA;NR,2025-06-20,active
429164,Apple,iPad Mini 6,tablet,iOS,GSM;WCDMA;LTE,2023-06-13,active
831076,Apple,iPhone 12,smartphone,iOS,GSM;WCDMA;LTE;NR,2023-11-24,active
282480,Lenovo,Lenovo X-61,tablet,Android,GSM;WCDMA;LTE;NR,2020-05-10,active
320392,Vivo,Vivo X-87,smartphone,Android,GSM;WCDMA;LTE;NR,2023-08-15,active
808446,Oppo,Oppo X-31,smartphone,Android,GSM;WCDMA;LTE;NR,2022-09-22,active
763686,Apple,iPad Mini 6,tablet,iOS,GSM;WCDMA;LTE,2021-03-01,active
148458,Oppo,Oppo X-88,smartphone,Android,GSM;WCDMA;LTE;NR,2020-08-14,active
760356,Realme,Realme X-99,smartphone,Android,GSM;WCDMA;LTE,2023-04-05,active
787926,Apple,iPad Mini 4,tablet,iOS,GSM;WCDMA;LTE,2025-09-15,active
152657,Samsung,Samsung X-68,smartphone,Android,GSM;WCDMA;LTE,2023-11-17,active
686075,Oppo,Oppo X-88,smartphone,Android,GSM;WCDMA;LTE;NR,2024-07-27,active
674485,Apple,iPhone 14,smartphone,iOS,GSM;WCDMA;LTE;NR,2021-11-09,active
903013,Huawei,Huawei X-90,tablet,HarmonyOS,GSM;WCDMA;LTE,2023-02-23,active
399607,Xiaomi,Xiaomi X-50,smartphone,Android,GSM;WCDMA;LTE;NR,2020-03-05,active
342495,Apple,iPhone 12,smartphone,iOS,GSM;WCDMA;LTE,2023-06-18,active
588557,Apple,iPhone 14,smartphone,iOS,GSM;WCDMA;LTE,2024-12-01,active
998348,ZTE,ZTE X-71,router,Embedded Linux,GSM;WCDMA;LTE,2022-05-25,active
508930,ZTE,ZTE X-78,router,Embedded Linux,GSM;WCDMA;LTE;NR,2024-10-08,active
611945,Oppo,Oppo X-72,smartphone,Android,GSM;WCDMA;LTE,2022-11-22,active
936912,Apple,iPhone 14,smartphone,iOS,GSM;WCDMA;LTE;NR,2024-09-01,active
513160,Realme,Realme X-13,smartphone,Android,GSM;WCDMA;LTE,2023-03-28,active
584125,Xiaomi,Xiaomi X-58,smartphone,Android,GSM;WCDMA;LTE,2023-06-11,active
898207,Netgear,Netgear X-63,router,Embedded Linux,GSM;WCDMA;LTE,2020-08-01,active
885408,Xiaomi,Xiaomi X-38,smartphone,Android,GSM;WCDMA;LTE;NR,2025-01-25,active
132537,SimCom,SimCom X-12,iot,RTOS,GSM;WCDMA;NR,2021-03-16,active
801978,Apple,iPhone 14,smartphone,iOS,GSM;WCDMA;LTE;NR,2022-03-20,active
736745,Quectel,Quectel X-30,iot,RTOS,GSM;WCDMA;NR,2020-10-01,active
427110,Oppo,Oppo X-60,smartphone,Android,GSM;WCDMA;LTE;NR,2021-02-19,active
824161,TP-Link,TP-Link X-23,router,Embedded Linux,GSM;WCDMA;LTE;NR,2022-11-20,active
944657,Vivo,Vivo X-15,smartphone,Android,GSM;WCDMA;LTE,2023-11-12,active
172306,Xiaomi,Xiaomi X-11,smartphone,Android,GSM;WCDMA;LTE;NR,2023-02-14,active
479781,Huawei,Huawei X-29,tablet,HarmonyOS,GSM;WCDMA;LTE;NR,2025-09-21,active
383201,Huawei,Huawei X-69,tablet,HarmonyOS,GSM;WCDMA;LTE;NR,2025-10-09,active
437960,Huawei,Huawei X-45,router,HarmonyOS,GSM;WCDMA;LTE;NR,2021-08-19,active
739979,Lenovo,Lenovo X-13,tablet,Android,GSM;WCDMA;LTE;NR,2022-03-16,active
322423,Xiaomi,Xiaomi X-53,smartphone,Android,GSM;WCDMA;LTE,2024-12-09,active
682789,Apple,iPhone 11,smartphone,iOS,GSM;WCDMA;LTE,2023-08-18,active
894993,Oppo,Oppo X-92,smartphone,Android,GSM;WCDMA;LTE;NR,2023-01-03,active
408528,Realme,Realme X-41,smartphone,Android,GSM;WCDMA;LTE,2024-06-16,active
680358,Oppo,Oppo X-80,smartphone,Android,GSM;WCDMA;LTE,2025-08-09,active
421517,Samsung,Samsung X-34,smartphone,Android,GSM;WCDMA;LTE,2025-09-25,active
823688,Apple,iPhone 14,smartphone,iOS,GSM;WCDMA;LTE,2024-09-20,active
396745,SimCom,SimCom X-47,iot,RTOS,GSM;WCDMA,2021-05-01,active
842411,Xiaomi,Xiaomi X-15,smartphone,Android,GSM;WCDMA;LTE;NR,2024-05-23,active
232413,Huawei,Huawei X-23,tablet,HarmonyOS,GSM;WCDMA;LTE;NR,2024-05-16,active
601968,Apple,iPhone 11,smartphone,iOS,GSM;WCDMA;LTE,2023-02-27,active
168517,Samsung,Samsung X-83,smartphone,Android,GSM;WCDMA;LTE;NR,2020-03-05,active
950544,Xiaomi,Xiaomi X-20,smartphone,Android,GSM;WCDMA;LTE;NR,2020-09-25,active
536390,Samsung,Samsung X-76,tablet,Android,GSM;WCDMA;LTE,2023-05-28,active
717113,Sierra Wireless,Sierra Wireless X-82,iot,Embedded Linux,GSM;WCDMA;NR,2024-12-04,active
899787,Apple,iPhone 13,smartphone,iOS,GSM;WCDMA;LTE;NR,2021-04-06,active
678805,Samsung,Samsung X-62,smartphone,Android,GSM;WCDMA;LTE;NR,2024-08-10,active
134225,Realme,Realme X-46,smartphone,Android,GSM;WCDMA;LTE;NR,2023-02-22,active
344762,SimCom,SimCom X-64,iot,RTOS,GSM;WCDMA,2021-11-05,active
378535,Huawei,Huawei X-17,router,HarmonyOS,GSM;WCDMA;LTE,2022-10-24,active
964278,Xiaomi,Xiaomi X-66,smartphone,Android,GSM;WCDMA;LTE,2025-05-23,active
522060,Telit,Telit X-66,iot,RTOS,GSM;WCDMA,2020-07-24,active
437978,Apple,iPad Mini 4,tablet,iOS,GSM;WCDMA;LTE;NR,2024-10-01,active
901909,Lenovo,Lenovo X-83,tablet,Android,GSM;WCDMA;LTE,2021-08-17,active
783157,Xiaomi,Xiaomi X-33,smartphone,Android,GSM;WCDMA;LTE;NR,2023-11-27,active
615611,Telit,Telit X-54,iot,RTOS,GSM;WCDMA;NR,2022-11-04,active
999398,Oppo,Oppo X-98,smartphone,Android,GSM;WCDMA;LTE;NR,2025-07-27,active
897441,Oppo,Oppo X-21,smartphone,Android,GSM;WCDMA;LTE,2022-02-25,active
523808,Huawei,Huawei X-94,router,HarmonyOS,GSM;WCDMA;LTE;NR,2023-07-02,active
296694,Vivo,Vivo X-73,smartphone,Android,GSM;WCDMA;LTE;NR,2020-04-09,active
675898,Xiaomi,Xiaomi X-66,smartphone,Android,GSM;WCDMA;LTE;NR,2023-02-01,active
760626,Samsung,Samsung X-30,tablet,Android,GSM;WCDMA;LTE,2020-09-14,active
197736,Samsung,Samsung X-69,smartphone,Android,GSM;WCDMA;LTE;NR,2025-03-16,active
851413,Realme,Realme X-44,smartphone,Android,GSM;WCDMA;LTE;NR,2023-08-08,active
578975,Oppo,Oppo X-34,smartphone,Android,GSM;WCDMA;LTE;NR,2024-12-05,active
173201,Oppo,Oppo X-53,smartphone,Android,GSM;WCDMA;LTE;NR,2024-05-27,active
102689,Xiaomi,Xiaomi X-85,smartphone,Android,GSM;WCDMA;LTE;NR,2025-08-28,active
255813,Oppo,Oppo X-54,smartphone,Android,GSM;WCDMA;LTE,2024-07-15,active
437408,TP-Link,TP-Link X-83,router,Embedded Linux,GSM;WCDMA;LTE,2023-01-11,active
880879,Oppo,Oppo X-59,smartphone,Android,GSM;WCDMA;LTE;NR,2025-03-16,active
138817,Vivo,Vivo X-52,smartphone,Android,GSM;WCDMA;LTE;NR,2023-02-17,active
579123,Apple,iPhone 14,smartphone,iOS,GSM;WCDMA;LTE;NR,2021-02-16,active
919488,Sierra Wireless,Sierra Wireless X-89,iot,Embedded Linux,GSM;WCDMA;NR,2025-02-28,active
444525,ZTE,ZTE X-50,router,Embedded Linux,GSM;WCDMA;LTE;NR,2023-09-02,active
747453,Realme,Realme X-97,smartphone,Android,GSM;WCDMA;LTE;NR,2021-12-03,active
555052,Quectel,Quectel X-66,iot,RTOS,GSM;WCDMA,2022-01-02,active
440131,Lenovo,Lenovo X-55,tablet,Android,GSM;WCDMA;LTE,2021-04-17,active
532067,Apple,iPhone 12,smartphone,iOS,GSM;WCDMA;LTE,2024-07-20,active
816318,Vivo,Vivo X-28,smartphone,Android,GSM;WCDMA;LTE,2025-05-15,active
367729,Huawei,Huawei X-46,tablet,HarmonyOS,GSM;WCDMA;LTE;NR,2021-02-15,active
462351,Sierra Wireless,Sierra Wireless X-91,iot,Embedded Linux,GSM;WCDMA;NR,2025-05-15,active
986365,Oppo,Oppo X-71,smartphone,Android,GSM;WCDMA;LTE,2023-10-12,active
702733,Realme,Realme X-47,smartphone,Android,GSM;WCDMA;LTE,2025-07-09,active
108491,Realme,Realme X-16,smartphone,Android,GSM;WCDMA;LTE;NR,2025-08-27,active
400096,Samsung,Samsung X-87,tablet,Android,GSM;WCDMA;LTE;NR,2021-11-07,active
751051,Realme,Realme X-94,smartphone,Android,GSM;WCDMA;LTE;NR,2021-11-04,active
757937,Lenovo,Lenovo X-66,tablet,Android,GSM;WCDMA;LTE,2022-12-05,active
194511,Sierra Wireless,Sierra Wireless X-63,iot,Embedded Linux,GSM;WCDMA,2021-09-12,active
656639,Xiaomi,Xiaomi X-31,smartphone,Android,GSM;WCDMA;LTE,2023-05-24,active
455168,ZTE,ZTE X-19,router,Embedded Linux,GSM;WCDMA;LTE,2021-11-24,active
807166,Sierra Wireless,Sierra Wireless X-21,iot,Embedded Linux,GSM;WCDMA;NR,2020-05-18,active
229592,Realme,Realme X-96,smartphone,Android,GSM;WCDMA;LTE,2023-11-12,active
213609,Huawei,Huawei X-13,tablet,HarmonyOS,GSM;WCDMA;LTE;NR,2024-06-20,active
332120,Huawei,Huawei X-99,tablet,HarmonyOS,GSM;WCDMA;LTE,2023-02-05,active
147549,Sierra Wireless,Sierra Wireless X-73,iot,Embedded Linux,GSM;WCDMA,2021-09-05,active
507524,Realme,Realme X-99,smartphone,Android,GSM;WCDMA;LTE;NR,2023-10-24,active
861894,Oppo,Oppo X-93,smartphone,Android,GSM;WCDMA;LTE,2023-10-14,active
393328,Xiaomi,Xiaomi X-37,smartphone,Android,GSM;WCDMA;LTE;NR,2021-06-04,active
818987,Realme,Realme X-55,smartphone,Android,GSM;WCDMA;LTE,2022-04-04,active
989227,Huawei,Huawei X-94,router,HarmonyOS,GSM;WCDMA;LTE,2025-10-01,active
153035,Samsung,Samsung X-26,tablet,Android,GSM;WCDMA;LTE;NR,2021-02-27,active
902325,Vivo,Vivo X-37,smartphone,Android,GSM;WCDMA;LTE;NR,2021-06-25,active
254721,Apple,iPad Mini 4,tablet,iOS,GSM;WCDMA;LTE;NR,2024-05-26,active
282973,Samsung,Samsung X-26,smartphone,Android,GSM;WCDMA;LTE,2021-10-11,active
116547,Samsung,Samsung X-26,smartphone,Android,GSM;WCDMA;LTE;NR,2024-02-24,active
166645,Xiaomi,Xiaomi X-75,smartphone,Android,GSM;WCDMA;LTE;NR,2023-09-08,active
744986,Realme,Realme X-76,smartphone,Android,GSM;WCDMA;LTE,2025-01-02,active
602248,ZTE,ZTE X-97,router,Embedded Linux,GSM;WCDMA;LTE,2025-08-03,active
184714,Apple,iPhone 11,smartphone,iOS,GSM;WCDMA;LTE,2024-11-19,active
674993,Huawei,Huawei X-86,tablet,HarmonyOS,GSM;WCDMA;LTE;NR,2023-09-20,active
551096,Realme,Realme X-24,smartphone,Android,GSM;WCDMA;LTE;NR,2025-09-24,active
325468,Apple,iPhone 14,smartphone,iOS,GSM;WCDMA;LTE,2023-07-14,active
865054,Oppo,Oppo X-50,smartphone,Android,GSM;WCDMA;LTE;NR,2022-03-22,active
597305,Samsung,Samsung X-21,smartphone,Android,GSM;WCDMA;LTE;NR,2025-12-12,active
951201,Samsung,Samsung X-85,smartphone,Android,GSM;WCDMA;LTE;NR,2024-06-22,active
228168,Realme,Realme X-64,smartphone,Android,GSM;WCDMA;LTE;NR,2025-01-10,active
729575,Samsung,Samsung X-83,smartphone,Android,GSM;WCDMA;LTE;NR,2021-11-16,active
335137,Netgear,Netgear X-81,router,Embedded Linux,GSM;WCDMA;LTE,2022-10-08,active
946432,Vivo,Vivo X-89,smartphone,Android,GSM;WCDMA;LTE;NR,2025-09-01,active
738577,Sierra Wireless,Sierra Wireless X-13,iot,Embedded Linux,GSM;WCDMA,2025-05-11,active
468074,Apple,iPhone 15,smartphone,iOS,GSM;WCDMA;LTE;NR,2020-03-24,active
763928,Quectel,Quectel X-77,iot,RTOS,GSM;WCDMA,2023-08-11,active
265055,Realme,Realme X-51,smartphone,Android,GSM;WCDMA;LTE;NR,2024-10-03,active
155164,Vivo,Vivo X-16,smartphone,Android,GSM;WCDMA;LTE;NR,2022-08-22,active
544611,Oppo,Oppo X-63,smartphone,Android,GSM;WCDMA;LTE,2024-02-12,active
550797,Realme,Realme X-96,smartphone,Android,GSM;WCDMA;LTE;NR,2024-11-10,active
147623,Vivo,Vivo X-17,smartphone,Android,GSM;WCDMA;LTE,2022-04-25,active
243901,Lenovo,Lenovo X-51,tablet,Android,GSM;WCDMA;LTE,2023-12-14,active
284229,Vivo,Vivo X-39,smartphone,Android,GSM;WCDMA;LTE;NR,2025-06-03,active
516359,Huawei,Huawei X-65,router,HarmonyOS,GSM;WCDMA;LTE,2020-06-19,active
550137,Realme,Realme X-91,smartphone,Android,GSM;WCDMA;LTE;NR,2020-07-01,active
440544,Vivo,Vivo X-68,smartphone,Android,GSM;WCDMA;LTE;NR,2022-02-14,active
985506,Oppo,Oppo X-85,smartphone,Android,GSM;WCDMA;LTE;NR,2020-07-28,active
425346,Samsung,Samsung X-52,tablet,Android,GSM;WCDMA;LTE;NR,2020-09-21,active
219565,Apple,iPhone 13,smartphone,iOS,GSM;WCDMA;LTE,2025-03-08,active
207798,Apple,iPhone 12,smartphone,iOS,GSM;WCDMA;LTE;NR,2025-02-06,active
910389,Huawei,Huawei X-82,tablet,HarmonyOS,GSM;WCDMA;LTE;NR,2023-11-19,active
774225,Lenovo,Lenovo X-90,tablet,Android,GSM;WCDMA;LTE,2023-02-16,active
563688,Lenovo,Lenovo X-85,tablet,Android,GSM;WCDMA;LTE,2024-02-10,active
584172,Samsung,Samsung X-57,smartphone,Android,GSM;WCDMA;LTE;NR,2020-11-28,active
996840,Vivo,Vivo X-74,smartphone,Android,GSM;WCDMA;LTE,2024-09-26,active
874814,ZTE,ZTE X-83,router,Embedded Linux,GSM;WCDMA;LTE;NR,2022-10-16,active
625721,Samsung,Samsung X-67,smartphone,Android,GSM;WCDMA;LTE,2022-12-03,active
629057,Apple,iPad Mini 6,tablet,iOS,GSM;WCDMA;LTE;NR,2023-09-17,active
739427,Xiaomi,Xiaomi X-46,smartphone,Android,GSM;WCDMA;LTE,2022-11-20,active
154909,Lenovo,Lenovo X-18,tablet,Android,GSM;WCDMA;LTE,2024-11-13,active
397949,Realme,Realme X-87,smartphone,Android,GSM;WCDMA;LTE;NR,2022-02-19,active
795847,Xiaomi,Xiaomi X-49,smartphone,Android,GSM;WCDMA;LTE;NR,2025-11-13,active
235215,Samsung,Samsung X-49,smartphone,Android,GSM;WCDMA;LTE;NR,2025-06-27,active
234001,Apple,iPad Mini 6,tablet,iOS,GSM;WCDMA;LTE,2022-05-06,active
324597,Oppo,Oppo X-34,smartphone,Android,GSM;WCDMA;LTE,2021-03-03,active
410160,Huawei,Huawei X-74,router,HarmonyOS,GSM;WCDMA;LTE;NR,2025-09-02,active
794083,Vivo,Vivo X-26,smartphone,Android,GSM;WCDMA;LTE;NR,2021-03-06,active
971728,Samsung,Samsung X-66,tablet,Android,GSM;WCDMA;LTE,2022-11-24,active
349068,Sierra Wireless,Sierra Wireless X-67,iot,Embedded Linux,GSM;WCDMA,2021-05-26,active
922471,Apple,iPhone 13,smartphone,iOS,GSM;WCDMA;LTE;NR,2024-08-15,active
906814,Oppo,Oppo X-74,smartphone,Android,GSM;WCDMA;LTE;NR,2021-04-26,active
734035,Xiaomi,Xiaomi X-16,smartphone,Android,GSM;WCDMA;LTE;NR,2022-09-04,active
845957,Huawei,Huawei X-46,router,HarmonyOS,GSM;WCDMA;LTE,2021-05-15,active
638289,Oppo,Oppo X-21,smartphone,Android,GSM;WCDMA;LTE;NR,2021-08-12,active
127965,Oppo,Oppo X-74,smartphone,Android,GSM;WCDMA;LTE,2023-02-12,active
335445,Samsung,Samsung X-93,smartphone,Android,GSM;WCDMA;LTE,2021-03-02,active
400814,Telit,Telit X-99,iot,RTOS,GSM;WCDMA;NR,2025-08-15,active
745239,Samsung,Samsung X-12,smartphone,Android,GSM;WCDMA;LTE,2021-09-24,active
738457,Samsung,Samsung X-46,smartphone,Android,GSM;WCDMA;LTE,2020-01-08,active
540218,Huawei,Huawei X-18,tablet,HarmonyOS,GSM;WCDMA;LTE,2023-10-18,active
117233,Samsung,Samsung X-28,tablet,Android,GSM;WCDMA;LTE,2020-10-12,active
352249,Apple,iPhone 11,smartphone,iOS,GSM;WCDMA;LTE;NR,2022-02-17,active
670511,Vivo,Vivo X-80,smartphone,Android,GSM;WCDMA;LTE,2023-01-21,active
505674,Sierra Wireless,Sierra Wireless X-12,iot,Embedded Linux,GSM;WCDMA,2020-06-08,active
868544,Apple,iPad Mini 6,tablet,iOS,GSM;WCDMA;LTE;NR,2021-01-12,active
672536,Realme,Realme X-32,smartphone,Android,GSM;WCDMA;LTE;NR,2025-08-23,active
601776,Samsung,Samsung X-18,tablet,Android,GSM;WCDMA;LTE;NR,2023-01-10,active
311383,Apple,iPhone 11,smartphone,iOS,GSM;WCDMA;LTE,2022-09-13,active
955015,Xiaomi,Xiaomi X-14,smartphone,Android,GSM;WCDMA;LTE;NR,2021-05-12,active
918771,Realme,Realme X-52,smartphone,Android,GSM;WCDMA;LTE,2022-07-13,active
879414,Oppo,Oppo X-53,smartphone,Android,GSM;WCDMA;LTE;NR,2023-12-16,active
485191,Sierra Wireless,Sierra Wireless X-20,iot,Embedded Linux,GSM;WCDMA;NR,2020-07-20,active
962287,Xiaomi,Xiaomi X-51,smartphone,Android,GSM;WCDMA;LTE,2022-11-10,active
421384,Realme,Realme X-64,smartphone,Android,GSM;WCDMA;LTE,2023-06-15,active
144412,Lenovo,Lenovo X-88,tablet,Android,GSM;WCDMA;LTE;NR,2022-11-26,active
160144,Realme,Realme X-61,smartphone,Android,GSM;WCDMA;LTE,2025-11-06,active
132653,Vivo,Vivo X-96,smartphone,Android,GSM;WCDMA;LTE;NR,2020-03-03,active
347459,Lenovo,Lenovo X-56,tablet,Android,GSM;WCDMA;LTE,2024-01-20,active
260891,Lenovo,Lenovo X-57,tablet,Android,GSM;WCDMA;LTE;NR,2020-10-05,active
655178,Xiaomi,Xiaomi X-93,smartphone,Android,GSM;WCDMA;LTE,2020-01-24,active
295085,Oppo,Oppo X-81,smartphone,Android,GSM;WCDMA;LTE,2022-12-15,active
324993,Sierra Wireless,Sierra Wireless X-98,iot,Embedded Linux,GSM;WCDMA;NR,2023-04-04,active
242321,ZTE,ZTE X-32,router,Embedded Linux,GSM;WCDMA;LTE;NR,2023-02-26,active
815054,Sierra Wireless,Sierra Wireless X-95,iot,Embedded Linux,GSM;WCDMA,2020-09-18,active
404466,TP-Link,TP-Link X-99,router,Embedded Linux,GSM;WCDMA;LTE;NR,2022-09-08,active
227257,SimCom,SimCom X-40,iot,RTOS,GSM;WCDMA;NR,2020-06-18,active
700076,Vivo,Vivo X-26,smartphone,Android,GSM;WCDMA;LTE;NR,2020-02-10,active
517500,Telit,Telit X-77,iot,RTOS,GSM;WCDMA;NR,2023-10-03,active
231414,Quectel,Quectel X-67,iot,RTOS,GSM;WCDMA;NR,2024-06-05,active
969325,Samsung,Samsung X-26,tablet,Android,GSM;WCDMA;LTE;NR,2020-02-17,active
260448,Apple,iPhone 13,smartphone,iOS,GSM;WCDMA;LTE;NR,2021-06-17,active
397846,Netgear,Netgear X-35,router,Embedded Linux,GSM;WCDMA;LTE;NR,2024-05-05,active
755383,Vivo,Vivo X-21,smartphone,Android,GSM;WCDMA;LTE;NR,2021-10-19,active
261684,Vivo,Vivo X-87,smartphone,Android,GSM;WCDMA;LTE,2024-01-27,active
129751,Realme,Realme X-83,smartphone,Android,GSM;WCDMA;LTE,2021-10-14,active
748133,Huawei,Huawei X-90,tablet,HarmonyOS,GSM;WCDMA;LTE;NR,2025-05-16,active
356773,ZTE,ZTE X-48,router,Embedded Linux,GSM;WCDMA;LTE;NR,2025-01-06,active
560959,Oppo,Oppo X-36,smartphone,Android,GSM;WCDMA;LTE,2021-06-28,active
853258,Xiaomi,Xiaomi X-61,smartphone,Android,GSM;WCDMA;LTE,2022-09-18,active
211341,Oppo,Oppo X-25,smartphone,Android,GSM;WCDMA;LTE,2021-03-04,active
153063,Oppo,Oppo X-88,smartphone,Android,GSM;WCDMA;LTE;NR,2021-06-19,active
856157,Apple,iPhone 14,smartphone,iOS,GSM;WCDMA;LTE;NR,2023-08-10,active
621530,Oppo,Oppo X-74,smartphone,Android,GSM;WCDMA;LTE;NR,2021-04-19,active
470037,Xiaomi,Xiaomi X-73,smartphone,Android,GSM;WCDMA;LTE;NR,2025-11-16,active
399628,Samsung,Samsung X-65,smartphone,Android,GSM;WCDMA;LTE,2022-12-12,active
900961,Samsung,Samsung X-61,smartphone,Android,GSM;WCDMA;LTE,2024-04-12,active
680096,Oppo,Oppo X-74,smartphone,Android,GSM;WCDMA;LTE;NR,2024-05-27,active
753516,Apple,iPad Mini 4,tablet,iOS,GSM;WCDMA;LTE,2022-09-12,active
891638,Vivo,Vivo X-75,smartphone,Android,GSM;WCDMA;LTE;NR,2020-01-02,active
243693,Huawei,Huawei X-76,tablet,HarmonyOS,GSM;WCDMA;LTE;NR,2024-09-05,active
443897,Sierra Wireless,Sierra Wireless X-30,iot,Embedded Linux,GSM;WCDMA,2024-12-27,active
413769,Vivo,Vivo X-75,smartphone,Android,GSM;WCDMA;LTE;NR,2025-10-10,active
597960,Netgear,Netgear X-52,router,Embedded Linux,GSM;WCDMA;LTE;NR,2023-10-10,active
935457,Huawei,Huawei X-86,router,HarmonyOS,GSM;WCDMA;LTE;NR,2025-10-19,active
338596,Huawei,Huawei X-31,tablet,HarmonyOS,GSM;WCDMA;LTE;NR,2025-10-25,active
982027,Realme,Realme X-41,smartphone,Android,GSM;WCDMA;LTE,2025-02-07,active
119857,Oppo,Oppo X-29,smartphone,Android,GSM;WCDMA;LTE;NR,2021-07-17,active
912617,Huawei,Huawei X-17,tablet,HarmonyOS,GSM;WCDMA;LTE;NR,2024-04-18,active
440839,Telit,Telit X-77,iot,RTOS,GSM;WCDMA,2021-08-18,active
458955,Realme,Realme X-97,smartphone,Android,GSM;WCDMA;LTE;NR,2025-05-20,active
607699,Apple,iPhone 13,smartphone,iOS,GSM;WCDMA;LTE;NR,2021-05-25,active
403042,Huawei,Huawei X-50,tablet,HarmonyOS,GSM;WCDMA;LTE;NR,2024-12-09,active
401769,Realme,Realme X-79,smartphone,Android,GSM;WCDMA;LTE,2023-06-25,active
943700,Samsung,Samsung X-46,smartphone,Android,GSM;WCDMA;LTE;NR,2020-06-15,active
787836,Oppo,Oppo X-37,smartphone,Android,GSM;WCDMA;LTE,2024-05-18,active
829988,Samsung,Samsung X-88,smartphone,Android,GSM;WCDMA;LTE;NR,2021-04-02,active
802371,SimCom,SimCom X-91,iot,RTOS,GSM;WCDMA,2020-07-11,active
852204,Realme,Realme X-27,smartphone,Android,GSM;WCDMA;LTE,2024-03-14,active
784607,Telit,Telit X-71,iot,RTOS,GSM;WCDMA;NR,2022-06-10,active
777273,Samsung,Samsung X-93,smartphone,Android,GSM;WCDMA;LTE;NR,2024-12-24,active
991638,SimCom,SimCom X-63,iot,RTOS,GSM;WCDMA;NR,2021-01-27,active
516278,Samsung,Samsung X-47,tablet,Android,GSM;WCDMA;LTE;NR,2020-05-19,active
732063,Xiaomi,Xiaomi X-46,smartphone,Android,GSM;WCDMA;LTE;NR,2025-09-17,active
617904,TP-Link,TP-Link X-74,router,Embedded Linux,GSM;WCDMA;LTE;NR,2021-02-11,active
270387,Lenovo,Lenovo X-33,tablet,Android,GSM;WCDMA;LTE,2022-05-19,active
807160,Samsung,Samsung X-88,tablet,Android,GSM;WCDMA;LTE;NR,2023-07-17,active
443856,Realme,Realme X-22,smartphone,Android,GSM;WCDMA;LTE,2021-08-11,active
360096,Oppo,Oppo X-40,smartphone,Android,GSM;WCDMA;LTE;NR,2022-06-10,active
710754,Apple,iPad Mini 6,tablet,iOS,GSM;WCDMA;LTE,2021-01-22,active
223967,Apple,iPhone 14,smartphone,iOS,GSM;WCDMA;LTE;NR,2025-05-23,active
223119,Lenovo,Lenovo X-57,tablet,Android,GSM;WCDMA;LTE;NR,2021-03-16,active
260626,Vivo,Vivo X-57,smartphone,Android,GSM;WCDMA;LTE;NR,2024-08-25,active
663628,TP-Link,TP-Link X-41,router,Embedded Linux,GSM;WCDMA;LTE;NR,2024-02-17,active
568449,Xiaomi,Xiaomi X-19,smartphone,Android,GSM;WCDMA;LTE;NR,2020-01-27,active
674251,SimCom,SimCom X-83,iot,RTOS,GSM;WCDMA;NR,2021-06-28,active
645617,Realme,Realme X-36,smartphone,Android,GSM;WCDMA;LTE;NR,2023-02-17,active
567122,ZTE,ZTE X-26,router,Embedded Linux,GSM;WCDMA;LTE;NR,2023-10-02,active
685941,Xiaomi,Xiaomi X-12,smartphone,Android,GSM;WCDMA;LTE,2020-12-07,active
706403,Oppo,Oppo X-54,smartphone,Android,GSM;WCDMA;LTE;NR,2024-01-03,active
595002,Oppo,Oppo X-33,smartphone,Android,GSM;WCDMA;LTE;NR,2025-12-21,active
540781,Oppo,Oppo X-67,smartphone,Android,GSM;WCDMA;LTE;NR,2023-07-03,active
815894,SimCom,SimCom X-93,iot,RTOS,GSM;WCDMA;NR,2020-03-18,active
512151,Realme,Realme X-38,smartphone,Android,GSM;WCDMA;LTE;NR,2020-05-15,active
806215,Huawei,Huawei X-78,tablet,HarmonyOS,GSM;WCDMA;LTE,2021-04-15,active
462974,Apple,iPhone 11,smartphone,iOS,GSM;WCDMA;LTE,2025-07-20,active
903265,Quectel,Quectel X-40,iot,RTOS,GSM;WCDMA,2020-10-02,active
568127,Realme,Realme X-16,smartphone,Android,GSM;WCDMA;LTE,2020-07-15,active
345722,Samsung,Samsung X-27,smartphone,Android,GSM;WCDMA;LTE;NR,2022-04-27,active
867051,Vivo,Vivo X-86,smartphone,Android,GSM;WCDMA;LTE;NR,2022-04-10,active
250219,SimCom,SimCom X-62,iot,RTOS,GSM;WCDMA,2020-09-19,active
870925,Telit,Telit X-81,iot,RTOS,GSM;WCDMA;NR,2022-11-22,active
499669,Lenovo,Lenovo X-99,tablet,Android,GSM;WCDMA;LTE;NR,2021-05-13,active
292811,Huawei,Huawei X-40,tablet,HarmonyOS,GSM;WCDMA;LTE;NR,2022-12-05,active
944917,Samsung,Samsung X-81,smartphone,Android,GSM;WCDMA;LTE;NR,2023-09-17,active
240606,Xiaomi,Xiaomi X-36,smartphone,Android,GSM;WCDMA;LTE,2020-08-28,active
489102,Realme,Realme X-34,smartphone,Android,GSM;WCDMA;LTE,2023-11-20,active
732209,Samsung,Samsung X-34,smartphone,Android,GSM;WCDMA;LTE;NR,2024-12-22,active
685997,Apple,iPhone 13,smartphone,iOS,GSM;WCDMA;LTE,2020-04-07,active
877493,Oppo,Oppo X-41,smartphone,Android,GSM;WCDMA;LTE;NR,2025-04-13,active
350956,Xiaomi,Xiaomi X-58,smartphone,Android,GSM;WCDMA;LTE;NR,2025-06-10,active
374267,Oppo,Oppo X-69,smartphone,Android,GSM;WCDMA;LTE,2025-08-25,active
980521,Apple,iPhone 13,smartphone,iOS,GSM;WCDMA;LTE,2020-10-28,active
332022,Apple,iPad Mini 6,tablet,iOS,GSM;WCDMA;LTE;NR,2024-12-14,active
409531,Xiaomi,Xiaomi X-39,smartphone,Android,GSM;WCDMA;LTE,2021-08-18,active
786406,Sierra Wireless,Sierra Wireless X-42,iot,Embedded Linux,GSM;WCDMA;NR,2023-12-21,active
875520,Apple,iPhone 13,smartphone,iOS,GSM;WCDMA;LTE,2025-09-16,active
292988,Quectel,Quectel X-77,iot,RTOS,GSM;WCDMA,2020-11-02,active
901467,Apple,iPhone 12,smartphone,iOS,GSM;WCDMA;LTE,2021-01-07,active
630299,Samsung,Samsung X-89,smartphone,Android,GSM;WCDMA;LTE;NR,2024-08-22,active
611552,Vivo,Vivo X-80,smartphone,Android,GSM;WCDMA;LTE;NR,2020-09-24,active
388086,Xiaomi,Xiaomi X-12,smartphone,Android,GSM;WCDMA;LTE;NR,2025-11-14,active
945328,SimCom,SimCom X-23,iot,RTOS,GSM;WCDMA;NR,2024-03-08,active
301255,Lenovo,Lenovo X-55,tablet,Android,GSM;WCDMA;LTE,2023-02-12,active
525750,Apple,iPhone 12,smartphone,iOS,GSM;WCDMA;LTE,2020-11-28,active
781463,Apple,iPad Mini 5,tablet,iOS,GSM;WCDMA;LTE,2023-01-21,active
109909,Apple,iPad Mini 5,tablet,iOS,GSM;WCDMA;LTE;NR,2022-10-28,active
199994,Huawei,Huawei X-39,router,HarmonyOS,GSM;WCDMA;LTE,2025-10-16,active
384263,Samsung,Samsung X-97,smartphone,Android,GSM;WCDMA;LTE;NR,2024-10-22,active
134500,Xiaomi,Xiaomi X-12,smartphone,Android,GSM;WCDMA;LTE;NR,2024-03-25,active
960556,Huawei,Huawei X-19,tablet,HarmonyOS,GSM;WCDMA;LTE,2024-04-19,active
975194,Netgear,Netgear X-59,router,Embedded Linux,GSM;WCDMA;LTE;NR,2021-12-24,active
182237,Xiaomi,Xiaomi X-16,smartphone,Android,GSM;WCDMA;LTE,2021-02-11,active
734565,Huawei,Huawei X-51,tablet,HarmonyOS,GSM;WCDMA;LTE,2022-08-16,active
339220,Oppo,Oppo X-65,smartphone,Android,GSM;WCDMA;LTE,2024-11-13,active
189856,Lenovo,Lenovo X-41,tablet,Android,GSM;WCDMA;LTE;NR,2020-05-05,active
498458,Samsung,Samsung X-59,tablet,Android,GSM;WCDMA;LTE,2020-02-01,active
423241,Xiaomi,Xiaomi X-23,smartphone,Android,GSM;WCDMA;LTE,2021-07-15,active
684041,Oppo,Oppo X-23,smartphone,Android,GSM;WCDMA;LTE,2022-09-03,active
725920,Xiaomi,Xiaomi X-59,smartphone,Android,GSM;WCDMA;LTE,2023-07-25,active
188813,Samsung,Samsung X-83,tablet,Android,GSM;WCDMA;LTE;NR,2025-07-06,active
245584,Xiaomi,Xiaomi X-73,smartphone,Android,GSM;WCDMA;LTE,2021-07-09,active
541557,Samsung,Samsung X-56,smartphone,Android,GSM;WCDMA;LTE,2021-12-21,active
619886,Apple,iPhone 14,smartphone,iOS,GSM;WCDMA;LTE,2022-01-13,active
448354,ZTE,ZTE X-52,router,Embedded Linux,GSM;WCDMA;LTE;NR,2023-11-20,active
242736,Vivo,Vivo X-98,smartphone,Android,GSM;WCDMA;LTE,2022-03-13,active
434640,Realme,Realme X-91,smartphone,Android,GSM;WCDMA;LTE;NR,2024-04-11,active
494322,Oppo,Oppo X-56,smartphone,Android,GSM;WCDMA;LTE,2024-04-19,active
672133,Vivo,Vivo X-13,smartphone,Android,GSM;WCDMA;LTE;NR,2023-12-07,active
559753,Apple,iPad Mini 6,tablet,iOS,GSM;WCDMA;LTE;NR,2025-05-08,active
364955,Huawei,Huawei X-58,tablet,HarmonyOS,GSM;WCDMA;LTE,2024-08-19,active
520274,Realme,Realme X-63,smartphone,Android,GSM;WCDMA;LTE;NR,2022-12-26,active
662986,Samsung,Samsung X-23,smartphone,Android,GSM;WCDMA;LTE;NR,2025-11-12,active
274418,Apple,iPad Mini 6,tablet,iOS,GSM;WCDMA;LTE;NR,2023-06-26,active
551365,Samsung,Samsung X-43,smartphone,Android,GSM;WCDMA;LTE,2025-09-18,active
708717,Samsung,Samsung X-67,tablet,Android,GSM;WCDMA;LTE,2023-11-19,active
823975,Xiaomi,Xiaomi X-13,smartphone,Android,GSM;WCDMA;LTE;NR,2022-07-03,active
221707,TP-Link,TP-Link X-54,router,Embedded Linux,GSM;WCDMA;LTE,2023-04-17,active
606384,Samsung,Samsung X-66,smartphone,Android,GSM;WCDMA;LTE;NR,2023-06-03,active
414849,Realme,Realme X-24,smartphone,Android,GSM;WCDMA;LTE,2022-11-04,active
810032,TP-Link,TP-Link X-76,router,Embedded Linux,GSM;WCDMA;LTE,2021-06-18,active
547080,SimCom,SimCom X-61,iot,RTOS,GSM;WCDMA;NR,2021-11-22,active
553125,Realme,Realme X-88,smartphone,Android,GSM;WCDMA;LTE;NR,2023-10-14,active
507723,Apple,iPhone 12,smartphone,iOS,GSM;WCDMA;LTE,2025-02-19,active
206694,Samsung,Samsung X-56,tablet,Android,GSM;WCDMA;LTE,2023-02-09,active
803281,Netgear,Netgear X-86,router,Embedded Linux,GSM;WCDMA;LTE,2023-10-04,active
464825,Oppo,Oppo X-89,smartphone,Android,GSM;WCDMA;LTE,2025-12-26,active
411893,Quectel,Quectel X-96,iot,RTOS,GSM;WCDMA,2020-04-10,active
222629,Realme,Realme X-28,smartphone,Android,GSM;WCDMA;LTE;NR,2023-10-05,active
702727,Apple,iPhone 14,smartphone,iOS,GSM;WCDMA;LTE;NR,2025-11-06,active
681868,Xiaomi,Xiaomi X-27,smartphone,Android,GSM;WCDMA;LTE,2023-10-02,active
476479,Telit,Telit X-27,iot,RTOS,GSM;WCDMA,2023-09-17,active
784793,Realme,Realme X-72,smartphone,Android,GSM;WCDMA;LTE;NR,2023-08-06,active
186686,Apple,iPhone 13,smartphone,iOS,GSM;WCDMA;LTE,2021-09-10,active
276379,Huawei,Huawei X-80,tablet,HarmonyOS,GSM;WCDMA;LTE;NR,2024-02-09,active
912764,Xiaomi,Xiaomi X-79,smartphone,Android,GSM;WCDMA;LTE;NR,2020-12-15,active
672892,Oppo,Oppo X-23,smartphone,Android,GSM;WCDMA;LTE;NR,2025-04-10,active
133796,Xiaomi,Xiaomi X-21,smartphone,Android,GSM;WCDMA;LTE;NR,2020-04-07,active
950083,Lenovo,Lenovo X-88,tablet,Android,GSM;WCDMA;LTE;NR,2021-10-05,active
922974,Apple,iPhone 11,smartphone,iOS,GSM;WCDMA;LTE;NR,2024-05-20,active
664939,Realme,Realme X-47,smartphone,Android,GSM;WCDMA;LTE,2022-09-22,active
954779,Oppo,Oppo X-17,smartphone,Android,GSM;WCDMA;LTE;NR,2025-03-23,active
239136,Realme,Realme X-51,smartphone,Android,GSM;WCDMA;LTE;NR,2025-07-16,active
249077,Xiaomi,Xiaomi X-90,smartphone,Android,GSM;WCDMA;LTE;NR,2023-02-21,active
933197,Huawei,Huawei X-61,router,HarmonyOS,GSM;WCDMA;LTE;NR,2022-12-12,active
576782,Sierra Wireless,Sierra Wireless X-84,iot,Embedded Linux,GSM;WCDMA,2025-02-24,active
580718,Lenovo,Lenovo X-18,tablet,Android,GSM;WCDMA;LTE;NR,2023-04-14,active
964915,Xiaomi,Xiaomi X-51,smartphone,Android,GSM;WCDMA;LTE;NR,2022-09-19,active
236937,Oppo,Oppo X-53,smartphone,Android,GSM;WCDMA;LTE;NR,2020-01-04,active
756596,Huawei,Huawei X-12,tablet,HarmonyOS,GSM;WCDMA;LTE,2021-08-15,active
100708,Telit,Telit X-35,iot,RTOS,GSM;WCDMA;NR,2021-11-10,active
266699,Netgear,Netgear X-21,router,Embedded Linux,GSM;WCDMA;LTE;NR,2022-02-12,active
796787,SimCom,SimCom X-16,iot,RTOS,GSM;WCDMA,2022-12-23,active
891918,Realme,Realme X-21,smartphone,Android,GSM;WCDMA;LTE;NR,2020-04-16,active
181724,Apple,iPhone 15,smartphone,iOS,GSM;WCDMA;LTE;NR,2020-01-23,active
460263,ZTE,ZTE X-98,router,Embedded Linux,GSM;WCDMA;LTE,2020-04-13,active
193670,Apple,iPad Mini 5,tablet,iOS,GSM;WCDMA;LTE,2022-03-13,active
911032,TP-Link,TP-Link X-92,router,Embedded Linux,GSM;WCDMA;LTE;NR,2021-02-17,active
690653,Realme,Realme X-31,smartphone,Android,GSM;WCDMA;LTE;NR,2025-04-21,active
884616,Oppo,Oppo X-88,smartphone,Android,GSM;WCDMA;LTE;NR,2021-02-04,active
246814,Huawei,Huawei X-54,tablet,HarmonyOS,GSM;WCDMA;LTE;NR,2022-03-08,active
390421,Samsung,Samsung X-80,tablet,Android,GSM;WCDMA;LTE;NR,2025-10-10,active
916808,Quectel,Quectel X-94,iot,RTOS,GSM;WCDMA;NR,2021-09-20,active
634273,Oppo,Oppo X-47,smartphone,Android,GSM;WCDMA;LTE;NR,2021-08-13,active
218220,Realme,Realme X-86,smartphone,Android,GSM;WCDMA;LTE,2020-06-11,active
238394,Vivo,Vivo X-63,smartphone,Android,GSM;WCDMA;LTE,2025-03-25,active
593894,Quectel,Quectel X-12,iot,RTOS,GSM;WCDMA;NR,2020-05-07,active
141761,Telit,Telit X-74,iot,RTOS,GSM;WCDMA,2025-09-25,active
535612,Oppo,Oppo X-20,smartphone,Android,GSM;WCDMA;LTE;NR,2024-10-05,active
390946,Samsung,Samsung X-75,smartphone,Android,GSM;WCDMA;LTE;NR,2021-09-11,active
509711,Realme,Realme X-97,smartphone,Android,GSM;WCDMA;LTE;NR,2022-12-14,active
865416,SimCom,SimCom X-17,iot,RTOS,GSM;WCDMA,2023-02-15,active
742039,Lenovo,Lenovo X-95,tablet,Android,GSM;WCDMA;LTE;NR,2025-03-04,active
113280,Apple,iPad Mini 5,tablet,iOS,GSM;WCDMA;LTE;NR,2024-09-26,active
962460,Samsung,Samsung X-57,tablet,Android,GSM;WCDMA;LTE,2022-12-04,active
908903,Netgear,Netgear X-64,router,Embedded Linux,GSM;WCDMA;LTE,2020-05-23,active
704663,Huawei,Huawei X-68,tablet,HarmonyOS,GSM;WCDMA;LTE;NR,2020-08-28,active
694423,Apple,iPhone 13,smartphone,iOS,GSM;WCDMA;LTE;NR,2024-11-24,active
220936,Vivo,Vivo X-10,smartphone,Android,GSM;WCDMA;LTE,2020-04-02,active
594681,Apple,iPhone 12,smartphone,iOS,GSM;WCDMA;LTE;NR,2020-09-26,active
848705,Huawei,Huawei X-38,tablet,HarmonyOS,GSM;WCDMA;LTE,2023-12-11,active
384434,Netgear,Netgear X-25,router,Embedded Linux,GSM;WCDMA;LTE;NR,2020-03-08,active
943409,Samsung,Samsung X-61,smartphone,Android,GSM;WCDMA;LTE,2023-05-25,active
985885,Samsung,Samsung X-80,smartphone,Android,GSM;WCDMA;LTE;NR,2022-04-10,active
691194,Samsung,Samsung X-69,tablet,Android,GSM;WCDMA;LTE,2023-04-24,active
673108,Samsung,Samsung X-29,tablet,Android,GSM;WCDMA;LTE,2023-01-08,active
667851,Realme,Realme X-11,smartphone,Android,GSM;WCDMA;LTE;NR,2020-11-13,active
990247,Lenovo,Lenovo X-23,tablet,Android,GSM;WCDMA;LTE,2021-07-16,active
162804,SimCom,SimCom X-45,iot,RTOS,GSM;WCDMA,2021-09-14,active
834891,ZTE,ZTE X-20,router,Embedded Linux,GSM;WCDMA;LTE;NR,2024-03-21,active
959793,Vivo,Vivo X-82,smartphone,Android,GSM;WCDMA;LTE,2025-03-08,active
405844,Xiaomi,Xiaomi X-60,smartphone,Android,GSM;WCDMA;LTE;NR,2025-06-11,active
574751,Samsung,Samsung X-35,smartphone,Android,GSM;WCDMA;LTE,2024-02-05,active
210790,Oppo,Oppo X-50,smartphone,Android,GSM;WCDMA;LTE;NR,2024-06-25,active
317722,Oppo,Oppo X-43,smartphone,Android,GSM;WCDMA;LTE;NR,2020-03-26,active
819380,Realme,Realme X-99,smartphone,Android,GSM;WCDMA;LTE;NR,2021-06-05,active
195643,Lenovo,Lenovo X-60,tablet,Android,GSM;WCDMA;LTE;NR,2025-05-09,active
959926,Quectel,Quectel X-61,iot,RTOS,GSM;WCDMA;NR,2024-12-18,active
361989,Samsung,Samsung X-27,smartphone,Android,GSM;WCDMA;LTE,2020-04-05,active
307757,Netgear,Netgear X-97,router,Embedded Linux,GSM;WCDMA;LTE;NR,2025-02-19,active
714590,Samsung,Samsung X-12,smartphone,Android,GSM;WCDMA;LTE;NR,2021-11-15,active
948611,Xiaomi,Xiaomi X-25,smartphone,Android,GSM;WCDMA;LTE,2023-01-06,active
701761,Realme,Realme X-60,smartphone,Android,GSM;WCDMA;LTE;NR,2023-11-14,active
281201,Apple,iPhone 13,smartphone,iOS,GSM;WCDMA;LTE,2021-01-20,active
749253,Lenovo,Lenovo X-73,tablet,Android,GSM;WCDMA;LTE;NR,2024-08-02,active
191982,Apple,iPhone 14,smartphone,iOS,GSM;WCDMA;LTE,2024-04-21,active
941134,Samsung,Samsung X-58,smartphone,Android,GSM;WCDMA;LTE;NR,2022-08-18,active
919394,Vivo,Vivo X-74,smartphone,Android,GSM;WCDMA;LTE,2022-03-01,active
434367,Samsung,Samsung X-45,smartphone,Android,GSM;WCDMA;LTE,2023-09-12,active
904092,Apple,iPhone 12,smartphone,iOS,GSM;WCDMA;LTE,2025-04-09,active
659614,Huawei,Huawei X-38,router,HarmonyOS,GSM;WCDMA;LTE;NR,2023-06-27,active
986278,Apple,iPhone 15,smartphone,iOS,GSM;WCDMA;LTE,2025-12-12,active
720298,Realme,Realme X-55,smartphone,Android,GSM;WCDMA;LTE;NR,2024-03-19,active
297377,ZTE,ZTE X-79,router,Embedded Linux,GSM;WCDMA;LTE,2023-01-03,active
158896,Apple,iPhone 11,smartphone,iOS,GSM;WCDMA;LTE;NR,2020-06-20,active
311250,Netgear,Netgear X-32,router,Embedded Linux,GSM;WCDMA;LTE;NR,2022-01-01,active
254887,Apple,iPhone 11,smartphone,iOS,GSM;WCDMA;LTE;NR,2022-02-12,active
838761,Telit,Telit X-85,iot,RTOS,GSM;WCDMA,2022-06-05,active
265154,Huawei,Huawei X-91,tablet,HarmonyOS,GSM;WCDMA;LTE;NR,2025-06-06,active
841535,Sierra Wireless,Sierra Wireless X-38,iot,Embedded Linux,GSM;WCDMA;NR,2021-07-10,active
869649,Samsung,Samsung X-32,tablet,Android,GSM;WCDMA;LTE;NR,2025-10-13,active
992083,Quectel,Quectel X-33,iot,RTOS,GSM;WCDMA;NR,2024-04-21,active
693022,Oppo,Oppo X-28,smartphone,Android,GSM;WCDMA;LTE,2020-04-12,active
435039,Samsung,Samsung X-95,smartphone,Android,GSM;WCDMA;LTE;NR,2022-08-01,active
378095,Realme,Realme X-18,smartphone,Android,GSM;WCDMA;LTE,2020-12-01,active
150486,Realme,Realme X-63,smartphone,Android,GSM;WCDMA;LTE;NR,2023-08-13,active
468292,Samsung,Samsung X-71,smartphone,Android,GSM;WCDMA;LTE;NR,2024-11-25,active
820539,Oppo,Oppo X-19,smartphone,Android,GSM;WCDMA;LTE;NR,2020-05-01,active
434198,Samsung,Samsung X-19,smartphone,Android,GSM;WCDMA;LTE,2023-03-24,active
178645,Samsung,Samsung X-53,smartphone,Android,GSM;WCDMA;LTE;NR,2024-08-23,active
132498,Realme,Realme X-31,smartphone,Android,GSM;WCDMA;LTE;NR,2023-03-02,active
206176,Apple,iPhone 14,smartphone,iOS,GSM;WCDMA;LTE;NR,2025-12-18,active
378150,Lenovo,Lenovo X-40,tablet,Android,GSM;WCDMA;LTE,2023-10-18,active
980651,Samsung,Samsung X-56,smartphone,Android,GSM;WCDMA;LTE,2020-05-27,active
794178,Huawei,Huawei X-35,tablet,HarmonyOS,GSM;WCDMA;LTE,2021-03-21,active
405986,Telit,Telit X-24,iot,RTOS,GSM;WCDMA,2023-08-16,active
793150,Realme,Realme X-79,smartphone,Android,GSM;WCDMA;LTE,2022-07-12,active
295646,Xiaomi,Xiaomi X-66,smartphone,Android,GSM;WCDMA;LTE;NR,2021-05-19,active
164633,Realme,Realme X-95,smartphone,Android,GSM;WCDMA;LTE,2025-06-26,active
667750,Vivo,Vivo X-39,smartphone,Android,GSM;WCDMA;LTE;NR,2023-09-14,active
661527,Huawei,Huawei X-83,tablet,HarmonyOS,GSM;WCDMA;LTE;NR,2023-05-03,active
513982,Quectel,Quectel X-74,iot,RTOS,GSM;WCDMA;NR,2024-10-22,active
750403,Oppo,Oppo X-32,smartphone,Android,GSM;WCDMA;LTE;NR,2021-04-26,active
302087,Oppo,Oppo X-20,smartphone,Android,GSM;WCDMA;LTE;NR,2023-04-27,active
757694,Vivo,Vivo X-43,smartphone,Android,GSM;WCDMA;LTE,2025-02-03,active
506951,Vivo,Vivo X-51,smartphone,Android,GSM;WCDMA;LTE;NR,2024-08-28,active
112964,Huawei,Huawei X-24,tablet,HarmonyOS,GSM;WCDMA;LTE;NR,2021-10-19,active
710981,Apple,iPad Mini 6,tablet,iOS,GSM;WCDMA;LTE;NR,2022-09-12,active
530849,Realme,Realme X-72,smartphone,Android,GSM;WCDMA;LTE;NR,2023-01-06,active
388792,Vivo,Vivo X-87,smartphone,Android,GSM;WCDMA;LTE;NR,2023-01-13,active
447596,Apple,iPad Mini 5,tablet,iOS,GSM;WCDMA;LTE;NR,2020-06-27,active
932204,Xiaomi,Xiaomi X-72,smartphone,Android,GSM;WCDMA;LTE;NR,2025-02-28,active
339030,Realme,Realme X-66,smartphone,Android,GSM;WCDMA;LTE;NR,2022-05-24,active
537017,Apple,iPad Mini 5,tablet,iOS,GSM;WCDMA;LTE,2023-12-16,active
896386,Xiaomi,Xiaomi X-17,smartphone,Android,GSM;WCDMA;LTE;NR,2021-02-10,active
844037,Apple,iPhone 15,smartphone,iOS,GSM;WCDMA;LTE;NR,2020-03-07,active
973390,Samsung,Samsung X-41,smartphone,Android,GSM;WCDMA;LTE,2020-06-23,active
308781,Oppo,Oppo X-74,smartphone,Android,GSM;WCDMA;LTE,2020-11-01,active
353690,Vivo,Vivo X-67,smartphone,Android,GSM;WCDMA;LTE,2023-10-18,active
466749,Xiaomi,Xiaomi X-98,smartphone,Android,GSM;WCDMA;LTE,2020-07-02,active
270820,TP-Link,TP-Link X-38,router,Embedded Linux,GSM;WCDMA;LTE;NR,2025-04-09,active
783238,Samsung,Samsung X-97,smartphone,Android,GSM;WCDMA;LTE,2021-11-06,active
730343,TP-Link,TP-Link X-42,router,Embedded Linux,GSM;WCDMA;LTE;NR,2022-12-23,active
773962,Oppo,Oppo X-54,smartphone,Android,GSM;WCDMA;LTE;NR,2021-08-10,active
810091,Vivo,Vivo X-60,smartphone,Android,GSM;WCDMA;LTE;NR,2020-09-22,active
984247,Netgear,Netgear X-48,router,Embedded Linux,GSM;WCDMA;LTE;NR,2023-02-11,active
389913,Lenovo,Lenovo X-43,tablet,Android,GSM;WCDMA;LTE;NR,2025-05-07,active
257212,Apple,iPhone 11,smartphone,iOS,GSM;WCDMA;LTE;NR,2024-07-22,active
435109,Apple,iPad Mini 5,tablet,iOS,GSM;WCDMA;LTE,2023-07-13,active
872519,Realme,Realme X-83,smartphone,Android,GSM;WCDMA;LTE;NR,2022-12-23,active
333164,Huawei,Huawei X-95,tablet,HarmonyOS,GSM;WCDMA;LTE,2022-03-27,active
789558,TP-Link,TP-Link X-47,router,Embedded Linux,GSM;WCDMA;LTE,2021-12-09,active
860413,TP-Link,TP-Link X-97,router,Embedded Linux,GSM;WCDMA;LTE;NR,2025-02-08,active
472541,Xiaomi,Xiaomi X-63,smartphone,Android,GSM;WCDMA;LTE;NR,2022-06-09,active
714015,Samsung,Samsung X-70,smartphone,Android,GSM;WCDMA;LTE,2025-10-19,active
750803,Apple,iPhone 15,smartphone,iOS,GSM;WCDMA;LTE,2025-07-17,active
412848,Apple,iPhone 12,smartphone,iOS,GSM;WCDMA;LTE;NR,2022-07-19,active
579798,Realme,Realme X-33,smartphone,Android,GSM;WCDMA;LTE;NR,2023-06-21,active
285413,Samsung,Samsung X-10,smartphone,Android,GSM;WCDMA;LTE;NR,2021-03-19,active
901619,Samsung,Samsung X-26,smartphone,Android,GSM;WCDMA;LTE;NR,2025-07-13,active
549865,Telit,Telit X-10,iot,RTOS,GSM;WCDMA,2021-12-12,active
114760,TP-Link,TP-Link X-12,router,Embedded Linux,GSM;WCDMA;LTE;NR,2025-12-08,active
337256,Lenovo,Lenovo X-49,tablet,Android,GSM;WCDMA;LTE,2023-09-19,active
420984,Samsung,Samsung X-48,smartphone,Android,GSM;WCDMA;LTE;NR,2023-12-17,active
725339,Oppo,Oppo X-97,smartphone,Android,GSM;WCDMA;LTE;NR,2022-08-12,active
886553,Oppo,Oppo X-12,smartphone,Android,GSM;WCDMA;LTE,2025-03-07,active
869735,Vivo,Vivo X-31,smartphone,Android,GSM;WCDMA;LTE,2025-11-26,active
139178,Realme,Realme X-42,smartphone,Android,GSM;WCDMA;LTE;NR,2024-01-20,active
150290,Apple,iPad Mini 6,tablet,iOS,GSM;WCDMA;LTE,2023-07-04,active
673867,Realme,Realme X-29,smartphone,Android,GSM;WCDMA;LTE,2025-11-01,active
415743,Samsung,Samsung X-94,smartphone,Android,GSM;WCDMA;LTE;NR,2024-10-23,active
243826,Samsung,Samsung X-75,smartphone,Android,GSM;WCDMA;LTE;NR,2020-05-04,active
922880,Apple,iPhone 15,smartphone,iOS,GSM;WCDMA;LTE,2022-09-07,active
475308,Lenovo,Lenovo X-30,tablet,Android,GSM;WCDMA;LTE,2023-04-23,active
604012,Samsung,Samsung X-11,smartphone,Android,GSM;WCDMA;LTE;NR,2020-10-22,active
618105,Samsung,Samsung X-75,smartphone,Android,GSM;WCDMA;LTE,2025-02-09,active
775636,Xiaomi,Xiaomi X-43,smartphone,Android,GSM;WCDMA;LTE;NR,2020-03-28,active
141360,Netgear,Netgear X-96,router,Embedded Linux,GSM;WCDMA;LTE,2025-02-04,active
992596,Apple,iPad Mini 4,tablet,iOS,GSM;WCDMA;LTE;NR,2021-06-12,active
558976,Sierra Wireless,Sierra Wireless X-21,iot,Embedded Linux,GSM;WCDMA,2022-03-04,active
520245,Oppo,Oppo X-44,smartphone,Android,GSM;WCDMA;LTE;NR,2025-08-26,active
542226,Samsung,Samsung X-24,tablet,Android,GSM;WCDMA;LTE,2025-01-28,active
267138,Vivo,Vivo X-71,smartphone,Android,GSM;WCDMA;LTE;NR,2025-08-06,active
741018,Xiaomi,Xiaomi X-88,smartphone,Android,GSM;WCDMA;LTE,2025-12-05,active
606545,Quectel,Quectel X-62,iot,RTOS,GSM;WCDMA;NR,2020-05-21,active
429502,Realme,Realme X-77,smartphone,Android,GSM;WCDMA;LTE;NR,2024-12-19,active
334865,Sierra Wireless,Sierra Wireless X-76,iot,Embedded Linux,GSM;WCDMA;NR,2025-10-04,active
553873,Samsung,Samsung X-71,tablet,Android,GSM;WCDMA;LTE,2025-11-13,active
255875,Huawei,Huawei X-11,router,HarmonyOS,GSM;WCDMA;LTE;NR,2021-09-28,active
592085,TP-Link,TP-Link X-19,router,Embedded Linux,GSM;WCDMA;LTE;NR,2022-04-11,active
391668,Apple,iPhone 15,smartphone,iOS,GSM;WCDMA;LTE;NR,2023-04-03,active
581395,Vivo,Vivo X-67,smartphone,Android,GSM;WCDMA;LTE,2023-08-11,active
224473,Quectel,Quectel X-23,iot,RTOS,GSM;WCDMA;NR,2020-09-18,active
100177,Netgear,Netgear X-75,router,Embedded Linux,GSM;WCDMA;LTE;NR,2025-11-15,active
457411,Samsung,Samsung X-38,smartphone,Android,GSM;WCDMA;LTE;NR,2022-09-25,active
749863,Realme,Realme X-94,smartphone,Android,GSM;WCDMA;LTE,2023-02-04,active
896204,Apple,iPad Mini 5,tablet,iOS,GSM;WCDMA;LTE;NR,2022-09-17,active
492052,Apple,iPad Mini 5,tablet,iOS,GSM;WCDMA;LTE,2025-12-24,active
529088,Vivo,Vivo X-35,smartphone,Android,GSM;WCDMA;LTE,2023-04-15,active
964607,Lenovo,Lenovo X-23,tablet,Android,GSM;WCDMA;LTE;NR,2020-11-27,active
804791,Oppo,Oppo X-68,smartphone,Android,GSM;WCDMA;LTE;NR,2024-03-16,active
104548,Samsung,Samsung X-80,smartphone,Android,GSM;WCDMA;LTE;NR,2024-08-17,active
919023,SimCom,SimCom X-98,iot,RTOS,GSM;WCDMA;NR,2025-03-04,active
506224,Lenovo,Lenovo X-74,tablet,Android,GSM;WCDMA;LTE;NR,2023-10-23,active
899407,Oppo,Oppo X-53,smartphone,Android,GSM;WCDMA;LTE;NR,2023-03-05,active
532794,Lenovo,Lenovo X-99,tablet,Android,GSM;WCDMA;LTE;NR,2022-12-24,active
680472,Samsung,Samsung X-36,tablet,Android,GSM;WCDMA;LTE;NR,2022-11-12,active
805034,Realme,Realme X-93,smartphone,Android,GSM;WCDMA;LTE;NR,2021-09-18,active
828038,Apple,iPad Mini 6,tablet,iOS,GSM;WCDMA;LTE;NR,2024-11-23,active
537757,Lenovo,Lenovo X-64,tablet,Android,GSM;WCDMA;LTE;NR,2024-02-01,active
499371,Realme,Realme X-17,smartphone,Android,GSM;WCDMA;LTE,2021-05-22,active
362732,Samsung,Samsung X-98,smartphone,Android,GSM;WCDMA;LTE;NR,2021-09-02,active
476105,Huawei,Huawei X-88,router,HarmonyOS,GSM;WCDMA;LTE;NR,2025-09-28,active
335203,Huawei,Huawei X-40,tablet,HarmonyOS,GSM;WCDMA;LTE;NR,2025-05-23,active
796772,Oppo,Oppo X-59,smartphone,Android,GSM;WCDMA;LTE;NR,2025-06-18,active
156415,Xiaomi,Xiaomi X-35,smartphone,Android,GSM;WCDMA;LTE;NR,2023-04-21,active
838857,Lenovo,Lenovo X-85,tablet,Android,GSM;WCDMA;LTE;NR,2024-04-25,active
860127,Sierra Wireless,Sierra Wireless X-67,iot,Embedded Linux,GSM;WCDMA,2025-02-06,active
282237,Apple,iPad Mini 4,tablet,iOS,GSM;WCDMA;LTE;NR,2024-05-05,active
268746,Xiaomi,Xiaomi X-10,smartphone,Android,GSM;WCDMA;LTE,2025-03-02,active
261169,Quectel,Quectel X-90,iot,RTOS,GSM;WCDMA;NR,2025-05-16,active
928278,Xiaomi,Xiaomi X-19,smartphone,Android,GSM;WCDMA;LTE;NR,2022-09-08,active
292800,Vivo,Vivo X-30,smartphone,Android,GSM;WCDMA;LTE;NR,2024-07-03,active
466375,Apple,iPhone 13,smartphone,iOS,GSM;WCDMA;LTE,2022-04-25,active
748314,Vivo,Vivo X-93,smartphone,Android,GSM;WCDMA;LTE,2025-06-15,active
352023,SimCom,SimCom X-15,iot,RTOS,GSM;WCDMA;NR,2022-07-26,active
218881,Vivo,Vivo X-46,smartphone,Android,GSM;WCDMA;LTE,2024-06-17,active
941814,Oppo,Oppo X-15,smartphone,Android,GSM;WCDMA;LTE,2025-04-11,active
638857,Samsung,Samsung X-31,smartphone,Android,GSM;WCDMA;LTE;NR,2024-09-01,active
757386,Realme,Realme X-90,smartphone,Android,GSM;WCDMA;LTE;NR,2025-07-27,active
208975,Realme,Realme X-65,smartphone,Android,GSM;WCDMA;LTE;NR,2020-12-22,active
261223,Realme,Realme X-52,smartphone,Android,GSM;WCDMA;LTE,2020-01-06,active
932794,Samsung,Samsung X-83,smartphone,Android,GSM;WCDMA;LTE;NR,2022-07-13,active
573039,Huawei,Huawei X-50,tablet,HarmonyOS,GSM;WCDMA;LTE,2025-02-18,active
106185,Apple,iPad Mini 4,tablet,iOS,GSM;WCDMA;LTE;NR,2020-06-17,active
211291,Realme,Realme X-48,smartphone,Android,GSM;WCDMA;LTE;NR,2022-08-13,active
514306,Huawei,Huawei X-70,router,HarmonyOS,GSM;WCDMA;LTE,2021-03-24,active
509985,Lenovo,Lenovo X-91,tablet,Android,GSM;WCDMA;LTE,2025-12-21,active
491255,Quectel,Quectel X-80,iot,RTOS,GSM;WCDMA;NR,2021-02-02,active
105274,Oppo,Oppo X-78,smartphone,Android,GSM;WCDMA;LTE;NR,2020-05-07,active
884645,Lenovo,Lenovo X-37,tablet,Android,GSM;WCDMA;LTE;NR,2025-09-05,active
268772,Vivo,Vivo X-42,smartphone,Android,GSM;WCDMA;LTE,2021-11-26,active
694849,ZTE,ZTE X-92,router,Embedded Linux,GSM;WCDMA;LTE;NR,2022-11-03,active
362865,Realme,Realme X-84,smartphone,Android,GSM;WCDMA;LTE;NR,2022-06-05,active
803904,Apple,iPad Mini 6,tablet,iOS,GSM;WCDMA;LTE,2021-06-16,active
572536,Realme,Realme X-49,smartphone,Android,GSM;WCDMA;LTE;NR,2021-10-19,active
482199,ZTE,ZTE X-31,router,Embedded Linux,GSM;WCDMA;LTE,2021-04-23,active
875753,Lenovo,Lenovo X-56,tablet,Android,GSM;WCDMA;LTE,2025-06-16,active
585331,Xiaomi,Xiaomi X-72,smartphone,Android,GSM;WCDMA;LTE;NR,2021-11-20,active
185955,TP-Link,TP-Link X-78,router,Embedded Linux,GSM;WCDMA;LTE,2025-11-03,active
862760,Samsung,Samsung X-74,smartphone,Android,GSM;WCDMA;LTE;NR,2024-10-13,active
906564,Samsung,Samsung X-80,smartphone,Android,GSM;WCDMA;LTE,2024-08-21,active
912853,Oppo,Oppo X-38,smartphone,Android,GSM;WCDMA;LTE;NR,2024-12-28,active
405134,Vivo,Vivo X-75,smartphone,Android,GSM;WCDMA;LTE,2022-09-01,active
794868,Vivo,Vivo X-97,smartphone,Android,GSM;WCDMA;LTE,2024-03-15,active
266956,Vivo,Vivo X-94,smartphone,Android,GSM;WCDMA;LTE;NR,2021-12-24,active
606990,Quectel,Quectel X-38,iot,RTOS,GSM;WCDMA;NR,2021-02-09,active
487380,Realme,Realme X-36,smartphone,Android,GSM;WCDMA;LTE;NR,2022-07-16,active
576728,Huawei,Huawei X-93,router,HarmonyOS,GSM;WCDMA;LTE,2025-09-21,active
969948,Realme,Realme X-43,smartphone,Android,GSM;WCDMA;LTE;NR,2024-03-13,active
785428,Vivo,Vivo X-93,smartphone,Android,GSM;WCDMA;LTE;NR,2020-09-09,active
494609,SimCom,SimCom X-76,iot,RTOS,GSM;WCDMA;NR,2022-08-26,active
605529,Huawei,Huawei X-74,router,HarmonyOS,GSM;WCDMA;LTE;NR,2023-03-08,active
180832,Xiaomi,Xiaomi X-37,smartphone,Android,GSM;WCDMA;LTE,2021-06-20,active
852146,TP-Link,TP-Link X-63,router,Embedded Linux,GSM;WCDMA;LTE;NR,2025-02-16,active
808029,Apple,iPhone 15,smartphone,iOS,GSM;WCDMA;LTE,2023-01-08,active
145240,Vivo,Vivo X-30,smartphone,Android,GSM;WCDMA;LTE,2024-01-19,active
253999,Xiaomi,Xiaomi X-33,smartphone,Android,GSM;WCDMA;LTE;NR,2023-10-19,active
768595,Realme,Realme X-94,smartphone,Android,GSM;WCDMA;LTE;NR,2020-04-15,active
735988,Telit,Telit X-31,iot,RTOS,GSM;WCDMA,2023-10-05,active
933215,Apple,iPhone 15,smartphone,iOS,GSM;WCDMA;LTE;NR,2022-03-24,active
818894,Oppo,Oppo X-86,smartphone,Android,GSM;WCDMA;LTE;NR,2021-07-13,active
238635,Apple,iPhone 15,smartphone,iOS,GSM;WCDMA;LTE;NR,2024-11-14,active
966662,Samsung,Samsung X-32,smartphone,Android,GSM;WCDMA;LTE;NR,2024-10-02,active
921945,Samsung,Samsung X-21,smartphone,Android,GSM;WCDMA;LTE;NR,2021-10-18,active
967719,Realme,Realme X-93,smartphone,Android,GSM;WCDMA;LTE;NR,2023-06-28,active
145548,Huawei,Huawei X-39,tablet,HarmonyOS,GSM;WCDMA;LTE;NR,2023-07-12,active
717661,Huawei,Huawei X-64,router,HarmonyOS,GSM;WCDMA;LTE,2023-04-28,active
187889,Vivo,Vivo X-62,smartphone,Android,GSM;WCDMA;LTE,2020-12-24,active
927769,Vivo,Vivo X-25,smartphone,Android,GSM;WCDMA;LTE;NR,2023-11-07,active
821175,ZTE,ZTE X-56,router,Embedded Linux,GSM;WCDMA;LTE,2023-11-19,active
365953,Vivo,Vivo X-64,smartphone,Android,GSM;WCDMA;LTE;NR,2024-05-22,active
516760,Huawei,Huawei X-80,tablet,HarmonyOS,GSM;WCDMA;LTE;NR,2023-03-12,active
686252,Xiaomi,Xiaomi X-49,smartphone,Android,GSM;WCDMA;LTE;NR,2025-07-24,active
244775,Huawei,Huawei X-39,router,HarmonyOS,GSM;WCDMA;LTE;NR,2025-03-04,active
324875,Xiaomi,Xiaomi X-80,smartphone,Android,GSM;WCDMA;LTE;NR,2025-12-02,active
268546,Realme,Realme X-10,smartphone,Android,GSM;WCDMA;LTE;NR,2021-08-20,active
556526,Xiaomi,Xiaomi X-38,smartphone,Android,GSM;WCDMA;LTE,2024-01-24,active
502995,Telit,Telit X-88,iot,RTOS,GSM;WCDMA;NR,2022-12-20,active
160254,SimCom,SimCom X-91,iot,RTOS,GSM;WCDMA;NR,2020-04-28,active
788793,Sierra Wireless,Sierra Wireless X-34,iot,Embedded Linux,GSM;WCDMA,2024-09-17,active
832377,Apple,iPhone 11,smartphone,iOS,GSM;WCDMA;LTE,2025-01-06,active
191061,Telit,Telit X-55,iot,RTOS,GSM;WCDMA;NR,2023-10-07,active
642892,Realme,Realme X-18,smartphone,Android,GSM;WCDMA;LTE;NR,2024-05-24,active
970071,Vivo,Vivo X-54,smartphone,Android,GSM;WCDMA;LTE,2022-04-20,active
303974,Oppo,Oppo X-83,smartphone,Android,GSM;WCDMA;LTE,2021-07-17,active
211636,Vivo,Vivo X-47,smartphone,Android,GSM;WCDMA;LTE,2020-09-09,active
664032,Netgear,Netgear X-98,router,Embedded Linux,GSM;WCDMA;LTE;NR,2023-10-16,active
907369,Xiaomi,Xiaomi X-68,smartphone,Android,GSM;WCDMA;LTE;NR,2024-01-16,active
221916,Oppo,Oppo X-91,smartphone,Android,GSM;WCDMA;LTE;NR,2021-11-23,active
341099,ZTE,ZTE X-55,router,Embedded Linux,GSM;WCDMA;LTE;NR,2020-12-27,active
376142,Samsung,Samsung X-61,smartphone,Android,GSM;WCDMA;LTE;NR,2022-02-18,active
287155,Xiaomi,Xiaomi X-37,smartphone,Android,GSM;WCDMA;LTE;NR,2022-03-24,active
816289,SimCom,SimCom X-73,iot,RTOS,GSM;WCDMA;NR,2021-12-08,active
378297,Apple,iPhone 12,smartphone,iOS,GSM;WCDMA;LTE;NR,2022-03-25,active
211871,Samsung,Samsung X-96,smartphone,Android,GSM;WCDMA;LTE;NR,2023-10-01,active
901368,Huawei,Huawei X-71,router,HarmonyOS,GSM;WCDMA;LTE,2022-08-19,active
388078,Vivo,Vivo X-45,smartphone,Android,GSM;WCDMA;LTE,2024-03-02,active
651273,Huawei,Huawei X-79,tablet,HarmonyOS,GSM;WCDMA;LTE,2022-07-28,active
819678,Huawei,Huawei X-25,tablet,HarmonyOS,GSM;WCDMA;LTE;NR,2023-06-23,active
108827,Apple,iPhone 14,smartphone,iOS,GSM;WCDMA;LTE;NR,2022-06-20,active
372315,Xiaomi,Xiaomi X-40,smartphone,Android,GSM;WCDMA;LTE,2024-06-12,active
292847,Apple,iPhone 14,smartphone,iOS,GSM;WCDMA;LTE;NR,2022-06-28,active
520051,Apple,iPhone 15,smartphone,iOS,GSM;WCDMA;LTE,2024-11-08,active
953740,Xiaomi,Xiaomi X-40,smartphone,Android,GSM;WCDMA;LTE;NR,2023-04-05,active
938900,SimCom,SimCom X-70,iot,RTOS,GSM;WCDMA;NR,2021-07-16,active
241003,Sierra Wireless,Sierra Wireless X-72,iot,Embedded Linux,GSM;WCDMA,2024-10-02,active
517754,Apple,iPhone 11,smartphone,iOS,GSM;WCDMA;LTE,2022-08-27,active
760458,Realme,Realme X-52,smartphone,Android,GSM;WCDMA;LTE,2022-09-18,active
949363,Samsung,Samsung X-62,smartphone,Android,GSM;WCDMA;LTE,2025-10-07,active
704875,Realme,Realme X-78,smartphone,Android,GSM;WCDMA;LTE,2022-06-11,active
805893,Realme,Realme X-67,smartphone,Android,GSM;WCDMA;LTE;NR,2023-10-10,active
586279,Samsung,Samsung X-31,tablet,Android,GSM;WCDMA;LTE;NR,2022-07-21,active
742053,Samsung,Samsung X-20,smartphone,Android,GSM;WCDMA;LTE,2021-06-11,active
784733,Xiaomi,Xiaomi X-87,smartphone,Android,GSM;WCDMA;LTE;NR,2022-08-25,active
480805,Huawei,Huawei X-62,tablet,HarmonyOS,GSM;WCDMA;LTE,2020-03-24,active
346024,Apple,iPad Mini 4,tablet,iOS,GSM;WCDMA;LTE,2020-02-16,active
675074,Oppo,Oppo X-77,smartphone,Android,GSM;WCDMA;LTE;NR,2020-02-09,active
748127,Realme,Realme X-59,smartphone,Android,GSM;WCDMA;LTE,2021-12-10,active
564687,Samsung,Samsung X-77,tablet,Android,GSM;WCDMA;LTE;NR,2020-01-22,active
474175,Netgear,Netgear X-70,router,Embedded Linux,GSM;WCDMA;LTE;NR,2024-05-18,active
566453,Realme,Realme X-79,smartphone,Android,GSM;WCDMA;LTE,2024-08-21,active
885290,Huawei,Huawei X-77,tablet,HarmonyOS,GSM;WCDMA;LTE;NR,2024-05-12,active
605048,Samsung,Samsung X-66,smartphone,Android,GSM;WCDMA;LTE,2023-05-05,active
418319,Vivo,Vivo X-27,smartphone,Android,GSM;WCDMA;LTE,2023-09-01,active
821179,Telit,Telit X-48,iot,RTOS,GSM;WCDMA,2023-05-20,active
342446,Lenovo,Lenovo X-34,tablet,Android,GSM;WCDMA;LTE;NR,2024-07-13,active
362035,Realme,Realme X-92,smartphone,Android,GSM;WCDMA;LTE,2023-04-09,active
183057,Apple,iPhone 15,smartphone,iOS,GSM;WCDMA;LTE;NR,2024-12-22,active
385071,Realme,Realme X-78,smartphone,Android,GSM;WCDMA;LTE;NR,2023-04-28,active
171789,Xiaomi,Xiaomi X-24,smartphone,Android,GSM;WCDMA;LTE;NR,2024-08-09,active
834498,Samsung,Samsung X-51,tablet,Android,GSM;WCDMA;LTE,2020-09-01,active
294969,Sierra Wireless,Sierra Wireless X-44,iot,Embedded Linux,GSM;WCDMA,2023-12-01,active
344119,Samsung,Samsung X-73,smartphone,Android,GSM;WCDMA;LTE,2023-05-26,active
938297,Xiaomi,Xiaomi X-69,smartphone,Android,GSM;WCDMA;LTE;NR,2020-06-03,active
984522,Samsung,Samsung X-17,tablet,Android,GSM;WCDMA;LTE,2023-02-18,active
592984,Xiaomi,Xiaomi X-58,smartphone,Android,GSM;WCDMA;LTE;NR,2020-12-08,active
503489,Huawei,Huawei X-41,tablet,HarmonyOS,GSM;WCDMA;LTE;NR,2020-04-15,active
871041,Samsung,Samsung X-70,tablet,Android,GSM;WCDMA;LTE,2022-06-06,active
759726,Apple,iPad Mini 5,tablet,iOS,GSM;WCDMA;LTE;NR,2021-06-02,active
799080,Samsung,Samsung X-40,smartphone,Android,GSM;WCDMA;LTE;NR,2022-01-06,active
932978,Samsung,Samsung X-60,smartphone,Android,GSM;WCDMA;LTE;NR,2020-01-19,active
921533,Samsung,Samsung X-57,tablet,Android,GSM;WCDMA;LTE;NR,2021-03-16,active
195841,Lenovo,Lenovo X-90,tablet,Android,GSM;WCDMA;LTE,2022-11-05,active
835395,Samsung,Samsung X-26,smartphone,Android,GSM;WCDMA;LTE;NR,2022-09-26,active
775960,Huawei,Huawei X-34,tablet,HarmonyOS,GSM;WCDMA;LTE,2023-06-24,active
241276,Samsung,Samsung X-72,smartphone,Android,GSM;WCDMA;LTE;NR,2024-05-18,active
830897,Vivo,Vivo X-33,smartphone,Android,GSM;WCDMA;LTE;NR,2022-12-15,active
388698,TP-Link,TP-Link X-18,router,Embedded Linux,GSM;WCDMA;LTE;NR,2023-05-27,active
376141,Oppo,Oppo X-10,smartphone,Android,GSM;WCDMA;LTE;NR,2024-07-24,active
294546,Netgear,Netgear X-89,router,Embedded Linux,GSM;WCDMA;LTE,2025-02-22,active
665136,TP-Link,TP-Link X-77,router,Embedded Linux,GSM;WCDMA;LTE;NR,2024-03-20,active
396882,Realme,Realme X-51,smartphone,Android,GSM;WCDMA;LTE,2024-11-03,active
145903,TP-Link,TP-Link X-32,router,Embedded Linux,GSM;WCDMA;LTE;NR,2021-02-16,active
300924,Vivo,Vivo X-92,smartphone,Android,GSM;WCDMA;LTE;NR,2025-08-17,active
754280,Lenovo,Lenovo X-16,tablet,Android,GSM;WCDMA;LTE,2024-12-03,active
113721,SimCom,SimCom X-93,iot,RTOS,GSM;WCDMA;NR,2020-08-26,active
769952,Vivo,Vivo X-63,smartphone,Android,GSM;WCDMA;LTE;NR,2025-01-27,active
746901,Samsung,Samsung X-19,smartphone,Android,GSM;WCDMA;LTE;NR,2020-04-17,active
201836,Apple,iPhone 15,smartphone,iOS,GSM;WCDMA;LTE,2021-09-22,active
360846,Apple,iPhone 15,smartphone,iOS,GSM;WCDMA;LTE;NR,2023-12-04,active
903506,Lenovo,Lenovo X-96,tablet,Android,GSM;WCDMA;LTE;NR,2025-07-04,active
274912,Huawei,Huawei X-74,tablet,HarmonyOS,GSM;WCDMA;LTE,2021-09-20,active
564531,Sierra Wireless,Sierra Wireless X-80,iot,Embedded Linux,GSM;WCDMA;NR,2022-06-14,active
901305,Lenovo,Lenovo X-87,tablet,Android,GSM;WCDMA;LTE,2024-04-13,active
902903,Realme,Realme X-42,smartphone,Android,GSM;WCDMA;LTE,2023-08-13,active
100205,Lenovo,Lenovo X-86,tablet,Android,GSM;WCDMA;LTE,2021-05-01,active
414922,SimCom,SimCom X-50,iot,RTOS,GSM;WCDMA,2025-05-18,active
636107,Vivo,Vivo X-29,smartphone,Android,GSM;WCDMA;LTE,2023-06-05,active
245131,Vivo,Vivo X-41,smartphone,Android,GSM;WCDMA;LTE,2022-02-19,active
519218,Apple,iPhone 11,smartphone,iOS,GSM;WCDMA;LTE;NR,2023-03-16,active
965814,Huawei,Huawei X-86,router,HarmonyOS,GSM;WCDMA;LTE;NR,2020-12-26,active
704277,Samsung,Samsung X-52,smartphone,Android,GSM;WCDMA;LTE,2023-07-28,active
226395,TP-Link,TP-Link X-93,router,Embedded Linux,GSM;WCDMA;LTE;NR,2020-11-25,active
762903,Xiaomi,Xiaomi X-77,smartphone,Android,GSM;WCDMA;LTE,2024-10-05,active
442707,Apple,iPhone 12,smartphone,iOS,GSM;WCDMA;LTE,2025-07-15,active
889410,Vivo,Vivo X-21,smartphone,Android,GSM;WCDMA;LTE,2022-07-05,active
238610,Oppo,Oppo X-83,smartphone,Android,GSM;WCDMA;LTE;NR,2024-07-09,active
189211,Oppo,Oppo X-99,smartphone,Android,GSM;WCDMA;LTE,2021-08-18,active
307731,Realme,Realme X-83,smartphone,Android,GSM;WCDMA;LTE,2024-12-17,active
358207,Xiaomi,Xiaomi X-65,smartphone,Android,GSM;WCDMA;LTE,2024-02-04,active
804378,Xiaomi,Xiaomi X-54,smartphone,Android,GSM;WCDMA;LTE,2022-10-21,active
125382,Samsung,Samsung X-54,tablet,Android,GSM;WCDMA;LTE;NR,2023-10-05,active
561859,Apple,iPhone 12,smartphone,iOS,GSM;WCDMA;LTE;NR,2021-12-28,active
189982,Samsung,Samsung X-41,smartphone,Android,GSM;WCDMA;LTE;NR,2021-05-01,active
459946,Apple,iPad Mini 5,tablet,iOS,GSM;WCDMA;LTE;NR,2022-04-24,active
664139,Vivo,Vivo X-76,smartphone,Android,GSM;WCDMA;LTE;NR,2024-08-20,active
865380,Quectel,Quectel X-58,iot,RTOS,GSM;WCDMA;NR,2025-09-02,active
367865,Xiaomi,Xiaomi X-35,smartphone,Android,GSM;WCDMA;LTE;NR,2024-05-02,active
587546,Apple,iPad Mini 5,tablet,iOS,GSM;WCDMA;LTE;NR,2025-11-12,active
213132,Realme,Realme X-59,smartphone,Android,GSM;WCDMA;LTE,2023-09-23,active
204442,Telit,Telit X-86,iot,RTOS,GSM;WCDMA;NR,2021-04-17,active
580233,Realme,Realme X-12,smartphone,Android,GSM;WCDMA;LTE,2024-05-11,active
613731,Apple,iPhone 11,smartphone,iOS,GSM;WCDMA;LTE,2022-06-21,active
417012,Vivo,Vivo X-45,smartphone,Android,GSM;WCDMA;LTE;NR,2025-05-13,active
954441,Sierra Wireless,Sierra Wireless X-38,iot,Embedded Linux,GSM;WCDMA,2023-11-05,active
192059,Samsung,Samsung X-63,tablet,Android,GSM;WCDMA;LTE,2021-07-10,active
734775,Vivo,Vivo X-26,smartphone,Android,GSM;WCDMA;LTE,2021-10-18,active
817276,TP-Link,TP-Link X-49,router,Embedded Linux,GSM;WCDMA;LTE;NR,2024-03-14,active
907455,Vivo,Vivo X-30,smartphone,Android,GSM;WCDMA;LTE,2024-09-24,active
224138,Apple,iPhone 11,smartphone,iOS,GSM;WCDMA;LTE;NR,2023-07-10,active
564523,Lenovo,Lenovo X-29,tablet,Android,GSM;WCDMA;LTE;NR,2020-03-06,active
127470,Lenovo,Lenovo X-87,tablet,Android,GSM;WCDMA;LTE;NR,2021-10-08,active
342129,Lenovo,Lenovo X-20,tablet,Android,GSM;WCDMA;LTE;NR,2023-03-17,active
987240,Lenovo,Lenovo X-33,tablet,Android,GSM;WCDMA;LTE;NR,2023-08-05,active
271742,Samsung,Samsung X-62,smartphone,Android,GSM;WCDMA;LTE;NR,2020-05-14,active
333365,Samsung,Samsung X-36,tablet,Android,GSM;WCDMA;LTE,2023-10-16,active
821276,Oppo,Oppo X-41,smartphone,Android,GSM;WCDMA;LTE;NR,2020-10-24,active
964371,Xiaomi,Xiaomi X-60,smartphone,Android,GSM;WCDMA;LTE;NR,2025-10-20,active
662203,Realme,Realme X-14,smartphone,Android,GSM;WCDMA;LTE;NR,2023-08-27,active
144476,TP-Link,TP-Link X-76,router,Embedded Linux,GSM;WCDMA;LTE;NR,2025-01-18,active
506216,Realme,Realme X-16,smartphone,Android,GSM;WCDMA;LTE,2023-07-10,active
911259,ZTE,ZTE X-31,router,Embedded Linux,GSM;WCDMA;LTE;NR,2024-01-23,active
642081,Telit,Telit X-92,iot,RTOS,GSM;WCDMA;NR,2025-09-04,active
288503,Samsung,Samsung X-60,tablet,Android,GSM;WCDMA;LTE;NR,2023-01-06,active
575718,Realme,Realme X-35,smartphone,Android,GSM;WCDMA;LTE;NR,2020-05-11,active
825318,Samsung,Samsung X-25,tablet,Android,GSM;WCDMA;LTE,2025-08-21,active
480573,Realme,Realme X-59,smartphone,Android,GSM;WCDMA;LTE;NR,2024-10-06,active
497073,Samsung,Samsung X-31,smartphone,Android,GSM;WCDMA;LTE;NR,2024-11-28,active
257380,Apple,iPhone 12,smartphone,iOS,GSM;WCDMA;LTE;NR,2020-07-10,active
424553,Huawei,Huawei X-46,tablet,HarmonyOS,GSM;WCDMA;LTE;NR,2020-03-07,active
103704,Lenovo,Lenovo X-11,tablet,Android,GSM;WCDMA;LTE;NR,2023-09-26,active
106029,Huawei,Huawei X-40,tablet,HarmonyOS,GSM;WCDMA;LTE,2025-08-15,active
530074,Vivo,Vivo X-86,smartphone,Android,GSM;WCDMA;LTE,2024-05-20,active
759172,Apple,iPhone 11,smartphone,iOS,GSM;WCDMA;LTE,2020-11-12,active
138504,Samsung,Samsung X-95,smartphone,Android,GSM;WCDMA;LTE;NR,2024-05-11,active
191962,Oppo,Oppo X-32,smartphone,Android,GSM;WCDMA;LTE,2022-10-22,active
825104,Samsung,Samsung X-68,tablet,Android,GSM;WCDMA;LTE;NR,2022-01-03,active
905843,Xiaomi,Xiaomi X-58,smartphone,Android,GSM;WCDMA;LTE;NR,2023-09-03,active
407057,Samsung,Samsung X-98,smartphone,Android,GSM;WCDMA;LTE;NR,2022-09-14,active
650131,Apple,iPhone 15,smartphone,iOS,GSM;WCDMA;LTE,2024-12-21,active
654640,Telit,Telit X-98,iot,RTOS,GSM;WCDMA;NR,2025-05-14,active
738419,Netgear,Netgear X-77,router,Embedded Linux,GSM;WCDMA;LTE;NR,2024-06-05,active
744129,Vivo,Vivo X-90,smartphone,Android,GSM;WCDMA;LTE;NR,2021-10-08,active
843007,Apple,iPhone 11,smartphone,iOS,GSM;WCDMA;LTE,2023-11-26,active
223654,Samsung,Samsung X-88,tablet,Android,GSM;WCDMA;LTE;NR,2023-01-11,active
466634,Realme,Realme X-37,smartphone,Android,GSM;WCDMA;LTE,2021-12-10,active
366776,Lenovo,Lenovo X-48,tablet,Android,GSM;WCDMA;LTE;NR,2022-01-04,active
819150,Oppo,Oppo X-82,smartphone,Android,GSM;WCDMA;LTE;NR,2020-03-07,active
446569,ZTE,ZTE X-70,router,Embedded Linux,GSM;WCDMA;LTE;NR,2025-03-16,active
262934,Lenovo,Lenovo X-69,tablet,Android,GSM;WCDMA;LTE;NR,2023-12-02,active
975671,Vivo,Vivo X-96,smartphone,Android,GSM;WCDMA;LTE,2024-01-07,active
705445,Lenovo,Lenovo X-18,tablet,Android,GSM;WCDMA;LTE;NR,2022-01-11,active
493468,Samsung,Samsung X-83,tablet,Android,GSM;WCDMA;LTE;NR,2021-10-04,active
920347,Lenovo,Lenovo X-14,tablet,Android,GSM;WCDMA;LTE,2020-08-08,active
489633,Xiaomi,Xiaomi X-37,smartphone,Android,GSM;WCDMA;LTE;NR,2021-02-12,active
923073,Apple,iPhone 11,smartphone,iOS,GSM;WCDMA;LTE;NR,2020-08-17,active
261562,Oppo,Oppo X-77,smartphone,Android,GSM;WCDMA;LTE,2022-03-25,active
203024,TP-Link,TP-Link X-36,router,Embedded Linux,GSM;WCDMA;LTE;NR,2023-07-23,active
647718,Xiaomi,Xiaomi X-15,smartphone,Android,GSM;WCDMA;LTE;NR,2024-02-11,active
589554,Huawei,Huawei X-76,router,HarmonyOS,GSM;WCDMA;LTE;NR,2025-05-01,active
705615,Samsung,Samsung X-51,tablet,Android,GSM;WCDMA;LTE,2022-05-18,active
434652,Apple,iPad Mini 4,tablet,iOS,GSM;WCDMA;LTE,2020-01-20,active
686810,Apple,iPhone 15,smartphone,iOS,GSM;WCDMA;LTE,2022-05-05,active
838568,TP-Link,TP-Link X-31,router,Embedded Linux,GSM;WCDMA;LTE,2024-06-18,active
565198,Samsung,Samsung X-70,smartphone,Android,GSM;WCDMA;LTE;NR,2020-02-13,active
156413,Oppo,Oppo X-32,smartphone,Android,GSM;WCDMA;LTE;NR,2024-11-27,active
823648,Lenovo,Lenovo X-49,tablet,Android,GSM;WCDMA;LTE,2021-12-25,active
803458,Huawei,Huawei X-69,router,HarmonyOS,GSM;WCDMA;LTE;NR,2020-12-15,active
201987,Realme,Realme X-92,smartphone,Android,GSM;WCDMA;LTE;NR,2023-08-08,active
334665,Vivo,Vivo X-43,smartphone,Android,GSM;WCDMA;LTE;NR,2023-03-23,active
797492,Xiaomi,Xiaomi X-68,smartphone,Android,GSM;WCDMA;LTE;NR,2020-08-04,active
468512,Apple,iPhone 13,smartphone,iOS,GSM;WCDMA;LTE;NR,2024-10-05,active
632623,Realme,Realme X-23,smartphone,Android,GSM;WCDMA;LTE,2025-02-26,active
416793,Oppo,Oppo X-85,smartphone,Android,GSM;WCDMA;LTE;NR,2024-04-18,active
266744,Telit,Telit X-18,iot,RTOS,GSM;WCDMA,2025-10-14,active
922412,Sierra Wireless,Sierra Wireless X-79,iot,Embedded Linux,GSM;WCDMA;NR,2021-11-22,active
181678,Huawei,Huawei X-24,tablet,HarmonyOS,GSM;WCDMA;LTE;NR,2023-06-18,active
202397,TP-Link,TP-Link X-49,router,Embedded Linux,GSM;WCDMA;LTE;NR,2020-10-04,active
818807,ZTE,ZTE X-51,router,Embedded Linux,GSM;WCDMA;LTE;NR,2025-01-03,active
328182,Huawei,Huawei X-28,router,HarmonyOS,GSM;WCDMA;LTE;NR,2023-09-10,active
508926,Huawei,Huawei X-35,tablet,HarmonyOS,GSM;WCDMA;LTE,2022-05-19,active
932932,Sierra Wireless,Sierra Wireless X-65,iot,Embedded Linux,GSM;WCDMA;NR,2022-02-19,active
108513,Huawei,Huawei X-26,tablet,HarmonyOS,GSM;WCDMA;LTE;NR,2020-06-18,active
155708,Vivo,Vivo X-55,smartphone,Android,GSM;WCDMA;LTE,2022-01-08,active
552686,Huawei,Huawei X-90,tablet,HarmonyOS,GSM;WCDMA;LTE,2023-07-13,active
556329,Realme,Realme X-32,smartphone,Android,GSM;WCDMA;LTE;NR,2021-09-13,active
984293,Telit,Telit X-29,iot,RTOS,GSM;WCDMA,2025-03-05,active
112166,Samsung,Samsung X-28,smartphone,Android,GSM;WCDMA;LTE;NR,2023-11-14,active
242371,Realme,Realme X-63,smartphone,Android,GSM;WCDMA;LTE;NR,2025-10-14,active
753523,Vivo,Vivo X-64,smartphone,Android,GSM;WCDMA;LTE;NR,2023-07-12,active
336706,Vivo,Vivo X-10,smartphone,Android,GSM;WCDMA;LTE;NR,2025-04-23,active
626100,Vivo,Vivo X-83,smartphone,Android,GSM;WCDMA;LTE,2020-10-16,active
839122,Vivo,Vivo X-71,smartphone,Android,GSM;WCDMA;LTE;NR,2020-03-24,active
866816,Xiaomi,Xiaomi X-69,smartphone,Android,GSM;WCDMA;LTE;NR,2024-10-03,active
357143,Realme,Realme X-94,smartphone,Android,GSM;WCDMA;LTE;NR,2020-11-21,active
665389,Lenovo,Lenovo X-88,tablet,Android,GSM;WCDMA;LTE,2022-09-25,active
111307,Vivo,Vivo X-70,smartphone,Android,GSM;WCDMA;LTE;NR,2022-07-12,active
936997,Apple,iPhone 11,smartphone,iOS,GSM;WCDMA;LTE;NR,2024-12-10,active
862285,Lenovo,Lenovo X-17,tablet,Android,GSM;WCDMA;LTE;NR,2024-03-19,active
154127,Lenovo,Lenovo X-89,tablet,Android,GSM;WCDMA;LTE,2023-02-05,active
630155,Xiaomi,Xiaomi X-42,smartphone,Android,GSM;WCDMA;LTE,2022-05-28,active
369437,Samsung,Samsung X-87,smartphone,Android,GSM;WCDMA;LTE,2024-12-05,active
791174,Apple,iPhone 13,smartphone,iOS,GSM;WCDMA;LTE;NR,2021-08-06,active
938202,Samsung,Samsung X-53,smartphone,Android,GSM;WCDMA;LTE;NR,2021-10-27,active
261638,ZTE,ZTE X-59,router,Embedded Linux,GSM;WCDMA;LTE,2023-12-21,active
275409,Realme,Realme X-54,smartphone,Android,GSM;WCDMA;LTE,2022-02-02,active
275741,Oppo,Oppo X-48,smartphone,Android,GSM;WCDMA;LTE;NR,2024-04-13,active
816712,Huawei,Huawei X-43,tablet,HarmonyOS,GSM;WCDMA;LTE,2023-01-10,active
936039,Realme,Realme X-50,smartphone,Android,GSM;WCDMA;LTE;NR,2025-01-04,active
657101,Huawei,Huawei X-88,tablet,HarmonyOS,GSM;WCDMA;LTE;NR,2022-06-09,active
380061,Netgear,Netgear X-93,router,Embedded Linux,GSM;WCDMA;LTE;NR,2023-11-24,active
353542,Samsung,Samsung X-76,tablet,Android,GSM;WCDMA;LTE,2025-03-11,active
674213,Samsung,Samsung X-18,smartphone,Android,GSM;WCDMA;LTE,2020-09-04,active
818798,Apple,iPhone 13,smartphone,iOS,GSM;WCDMA;LTE,2020-01-20,active
196407,Vivo,Vivo X-94,smartphone,Android,GSM;WCDMA;LTE;NR,2021-10-21,active
227706,Apple,iPad Mini 6,tablet,iOS,GSM;WCDMA;LTE,2025-11-19,active
942216,Quectel,Quectel X-99,iot,RTOS,GSM;WCDMA,2022-08-22,active
179392,Lenovo,Lenovo X-64,tablet,Android,GSM;WCDMA;LTE;NR,2025-06-09,active
269833,Lenovo,Lenovo X-17,tablet,Android,GSM;WCDMA;LTE,2022-01-09,active
952283,Oppo,Oppo X-18,smartphone,Android,GSM;WCDMA;LTE;NR,2021-10-13,active
287110,Apple,iPad Mini 6,tablet,iOS,GSM;WCDMA;LTE;NR,2021-10-21,active
211410,Sierra Wireless,Sierra Wireless X-23,iot,Embedded Linux,GSM;WCDMA,2020-10-24,active
362769,Apple,iPad Mini 4,tablet,iOS,GSM;WCDMA;LTE;NR,2020-01-22,active
509451,Realme,Realme X-52,smartphone,Android,GSM;WCDMA;LTE;NR,2024-01-17,active
841978,Telit,Telit X-71,iot,RTOS,GSM;WCDMA;NR,2025-02-18,active
336817,Realme,Realme X-71,smartphone,Android,GSM;WCDMA;LTE,2024-06-11,active
814956,Samsung,Samsung X-90,smartphone,Android,GSM;WCDMA;LTE;NR,2025-02-12,active
660596,Netgear,Netgear X-20,router,Embedded Linux,GSM;WCDMA;LTE;NR,2022-11-07,active
285197,Oppo,Oppo X-94,smartphone,Android,GSM;WCDMA;LTE,2025-07-04,active
761249,Huawei,Huawei X-20,tablet,HarmonyOS,GSM;WCDMA;LTE;NR,2023-12-07,active
246740,Samsung,Samsung X-85,smartphone,Android,GSM;WCDMA;LTE,2023-02-26,active
666809,Huawei,Huawei X-78,tablet,HarmonyOS,GSM;WCDMA;LTE;NR,2023-01-02,active
455766,Realme,Realme X-15,smartphone,Android,GSM;WCDMA;LTE;NR,2021-11-22,active
648530,Realme,Realme X-78,smartphone,Android,GSM;WCDMA;LTE,2024-04-03,active
138669,Huawei,Huawei X-93,tablet,HarmonyOS,GSM;WCDMA;LTE,2024-01-08,active
835363,Apple,iPad Mini 6,tablet,iOS,GSM;WCDMA;LTE,2022-02-15,active
740916,Vivo,Vivo X-18,smartphone,Android,GSM;WCDMA;LTE;NR,2020-02-16,active
723879,Samsung,Samsung X-18,tablet,Android,GSM;WCDMA;LTE;NR,2023-06-26,active
976500,Telit,Telit X-51,iot,RTOS,GSM;WCDMA,2025-10-18,active
244000,Apple,iPhone 11,smartphone,iOS,GSM;WCDMA;LTE;NR,2022-02-04,active
387198,Oppo,Oppo X-31,smartphone,Android,GSM;WCDMA;LTE;NR,2024-03-15,active
355479,Quectel,Quectel X-27,iot,RTOS,GSM;WCDMA,2025-10-13,active
915437,Oppo,Oppo X-20,smartphone,Android,GSM;WCDMA;LTE,2021-02-23,active
783415,Xiaomi,Xiaomi X-63,smartphone,Android,GSM;WCDMA;LTE;NR,2023-12-05,active
316174,Xiaomi,Xiaomi X-76,smartphone,Android,GSM;WCDMA;LTE;NR,2021-03-20,active
825272,Apple,iPhone 14,smartphone,iOS,GSM;WCDMA;LTE;NR,2020-11-27,active
920597,Oppo,Oppo X-10,smartphone,Android,GSM;WCDMA;LTE;NR,2021-02-17,active
200331,Samsung,Samsung X-69,tablet,Android,GSM;WCDMA;LTE;NR,2025-04-09,active
155646,Apple,iPhone 14,smartphone,iOS,GSM;WCDMA;LTE;NR,2021-11-02,active
156652,Lenovo,Lenovo X-36,tablet,Android,GSM;WCDMA;LTE;NR,2022-10-26,active
895248,Samsung,Samsung X-16,smartphone,Android,GSM;WCDMA;LTE;NR,2021-03-26,active
130477,Samsung,Samsung X-19,smartphone,Android,GSM;WCDMA;LTE;NR,2025-08-19,active
707924,Apple,iPhone 13,smartphone,iOS,GSM;WCDMA;LTE,2020-06-08,active
202827,Oppo,Oppo X-35,smartphone,Android,GSM;WCDMA;LTE,2021-02-16,active
713513,Oppo,Oppo X-28,smartphone,Android,GSM;WCDMA;LTE,2024-08-06,active
506145,Oppo,Oppo X-34,smartphone,Android,GSM;WCDMA;LTE;NR,2022-04-11,active
233391,Vivo,Vivo X-17,smartphone,Android,GSM;WCDMA;LTE,2020-08-15,active
538539,Xiaomi,Xiaomi X-38,smartphone,Android,GSM;WCDMA;LTE;NR,2024-03-26,active
933162,Samsung,Samsung X-83,tablet,Android,GSM;WCDMA;LTE;NR,2021-02-14,active
998602,Apple,iPhone 15,smartphone,iOS,GSM;WCDMA;LTE;NR,2023-05-01,active
865479,Apple,iPhone 12,smartphone,iOS,GSM;WCDMA;LTE,2024-04-19,active
256206,Quectel,Quectel X-63,iot,RTOS,GSM;WCDMA;NR,2020-08-24,active
905942,Oppo,Oppo X-77,smartphone,Android,GSM;WCDMA;LTE,2025-02-15,active
619344,Vivo,Vivo X-11,smartphone,Android,GSM;WCDMA;LTE;NR,2023-04-05,active
475815,Realme,Realme X-21,smartphone,Android,GSM;WCDMA;LTE,2025-05-06,active
837468,Vivo,Vivo X-84,smartphone,Android,GSM;WCDMA;LTE,2023-08-25,active
245357,ZTE,ZTE X-33,router,Embedded Linux,GSM;WCDMA;LTE;NR,2022-11-15,active
838094,Apple,iPad Mini 6,tablet,iOS,GSM;WCDMA;LTE,2020-05-14,active
889460,Vivo,Vivo X-79,smartphone,Android,GSM;WCDMA;LTE;NR,2021-11-03,active
750594,Huawei,Huawei X-75,router,HarmonyOS,GSM;WCDMA;LTE;NR,2025-06-02,active
216356,Oppo,Oppo X-89,smartphone,Android,GSM;WCDMA;LTE,2022-03-21,active
685934,Samsung,Samsung X-27,tablet,Android,GSM;WCDMA;LTE;NR,2021-09-04,active
780566,Vivo,Vivo X-99,smartphone,Android,GSM;WCDMA;LTE,2025-04-11,active
469844,ZTE,ZTE X-45,router,Embedded Linux,GSM;WCDMA;LTE,2022-06-15,active
609845,Samsung,Samsung X-70,smartphone,Android,GSM;WCDMA;LTE;NR,2025-09-10,active
573933,Apple,iPad Mini 5,tablet,iOS,GSM;WCDMA;LTE,2023-03-10,active
180685,Xiaomi,Xiaomi X-24,smartphone,Android,GSM;WCDMA;LTE;NR,2023-03-28,active
314178,Realme,Realme X-12,smartphone,Android,GSM;WCDMA;LTE,2025-09-05,active
596925,Oppo,Oppo X-92,smartphone,Android,GSM;WCDMA;LTE,2021-02-01,active
940946,Vivo,Vivo X-92,smartphone,Android,GSM;WCDMA;LTE,2024-06-21,active
777433,Huawei,Huawei X-85,tablet,HarmonyOS,GSM;WCDMA;LTE;NR,2024-09-15,active
580255,Apple,iPhone 13,smartphone,iOS,GSM;WCDMA;LTE,2022-04-16,active
489967,Quectel,Quectel X-28,iot,RTOS,GSM;WCDMA,2023-03-20,active
268600,Lenovo,Lenovo X-33,tablet,Android,GSM;WCDMA;LTE;NR,2025-12-22,active
933048,Apple,iPhone 11,smartphone,iOS,GSM;WCDMA;LTE,2022-10-05,active
562305,Apple,iPhone 12,smartphone,iOS,GSM;WCDMA;LTE;NR,2020-11-11,active
460549,Oppo,Oppo X-79,smartphone,Android,GSM;WCDMA;LTE;NR,2024-05-04,active
126135,Oppo,Oppo X-28,smartphone,Android,GSM;WCDMA;LTE;NR,2022-03-01,active
874368,Vivo,Vivo X-52,smartphone,Android,GSM;WCDMA;LTE;NR,2022-08-10,active
890795,SimCom,SimCom X-82,iot,RTOS,GSM;WCDMA;NR,2023-06-23,active
217771,Apple,iPad Mini 6,tablet,iOS,GSM;WCDMA;LTE;NR,2022-01-13,active
747518,ZTE,ZTE X-55,router,Embedded Linux,GSM;WCDMA;LTE,2020-10-21,active
304629,Apple,iPhone 13,smartphone,iOS,GSM;WCDMA;LTE,2020-09-28,active
567096,Apple,iPad Mini 5,tablet,iOS,GSM;WCDMA;LTE,2022-10-20,active
636405,Sierra Wireless,Sierra Wireless X-60,iot,Embedded Linux,GSM;WCDMA,2023-06-13,active
490941,Xiaomi,Xiaomi X-54,smartphone,Android,GSM;WCDMA;LTE,2023-09-03,active
326172,Huawei,Huawei X-63,tablet,HarmonyOS,GSM;WCDMA;LTE;NR,2022-03-26,active
863364,Telit,Telit X-63,iot,RTOS,GSM;WCDMA,2024-10-03,active
250616,Oppo,Oppo X-77,smartphone,Android,GSM;WCDMA;LTE;NR,2020-10-25,active
494025,Oppo,Oppo X-91,smartphone,Android,GSM;WCDMA;LTE;NR,2023-03-18,active
584567,Samsung,Samsung X-35,tablet,Android,GSM;WCDMA;LTE,2023-05-18,active
614416,Xiaomi,Xiaomi X-84,smartphone,Android,GSM;WCDMA;LTE,2024-12-15,active
335426,Samsung,Samsung X-29,smartphone,Android,GSM;WCDMA;LTE,2025-11-16,active
230208,Lenovo,Lenovo X-63,tablet,Android,GSM;WCDMA;LTE,2025-11-08,active
129824,Xiaomi,Xiaomi X-73,smartphone,Android,GSM;WCDMA;LTE;NR,2020-10-24,active
479332,Vivo,Vivo X-65,smartphone,Android,GSM;WCDMA;LTE;NR,2025-11-16,active
827968,Netgear,Netgear X-75,router,Embedded Linux,GSM;WCDMA;LTE;NR,2020-05-06,active
709908,Xiaomi,Xiaomi X-69,smartphone,Android,GSM;WCDMA;LTE;NR,2021-06-06,active
155457,Oppo,Oppo X-91,smartphone,Android,GSM;WCDMA;LTE;NR,2022-01-10,active
405831,Samsung,Samsung X-75,smartphone,Android,GSM;WCDMA;LTE,2025-03-25,active
199099,Apple,iPhone 15,smartphone,iOS,GSM;WCDMA;LTE,2022-11-26,active
415697,Realme,Realme X-98,smartphone,Android,GSM;WCDMA;LTE,2024-10-12,active
963308,Apple,iPhone 15,smartphone,iOS,GSM;WCDMA;LTE,2023-07-11,active
270948,Apple,iPhone 15,smartphone,iOS,GSM;WCDMA;LTE,2021-09-20,active
823153,Huawei,Huawei X-63,router,HarmonyOS,GSM;WCDMA;LTE;NR,2020-02-27,active
237606,Telit,Telit X-54,iot,RTOS,GSM;WCDMA,2022-03-27,active
563405,Netgear,Netgear X-32,router,Embedded Linux,GSM;WCDMA;LTE;NR,2020-12-27,active
224357,Realme,Realme X-28,smartphone,Android,GSM;WCDMA;LTE;NR,2022-03-07,active
236543,Telit,Telit X-98,iot,RTOS,GSM;WCDMA;NR,2020-02-01,active
912323,Oppo,Oppo X-15,smartphone,Android,GSM;WCDMA;LTE,2020-11-17,active
721990,Samsung,Samsung X-42,smartphone,Android,GSM;WCDMA;LTE,2022-11-01,active
891203,Samsung,Samsung X-87,smartphone,Android,GSM;WCDMA;LTE,2021-03-22,active
468609,Apple,iPhone 13,smartphone,iOS,GSM;WCDMA;LTE;NR,2022-06-06,active
996677,Realme,Realme X-88,smartphone,Android,GSM;WCDMA;LTE,2024-02-04,active
959398,Samsung,Samsung X-77,smartphone,Android,GSM;WCDMA;LTE,2021-05-06,active
890645,Realme,Realme X-22,smartphone,Android,GSM;WCDMA;LTE;NR,2024-12-16,active
484264,Samsung,Samsung X-66,tablet,Android,GSM;WCDMA;LTE;NR,2020-03-27,active
472058,Telit,Telit X-37,iot,RTOS,GSM;WCDMA;NR,2023-02-25,active
429546,Samsung,Samsung X-76,smartphone,Android,GSM;WCDMA;LTE,2022-12-10,active
684195,Apple,iPad Mini 5,tablet,iOS,GSM;WCDMA;LTE,2022-08-20,active
871934,Oppo,Oppo X-38,smartphone,Android,GSM;WCDMA;LTE;NR,2022-07-07,active
998392,Oppo,Oppo X-96,smartphone,Android,GSM;WCDMA;LTE,2020-11-16,active
804743,Oppo,Oppo X-76,smartphone,Android,GSM;WCDMA;LTE;NR,2020-02-05,active
513989,Vivo,Vivo X-23,smartphone,Android,GSM;WCDMA;LTE;NR,2021-02-12,active
308757,Vivo,Vivo X-61,smartphone,Android,GSM;WCDMA;LTE,2023-12-16,active
392047,Lenovo,Lenovo X-92,tablet,Android,GSM;WCDMA;LTE;NR,2022-08-22,active
732464,Telit,Telit X-75,iot,RTOS,GSM;WCDMA,2023-02-04,active
362867,Apple,iPhone 12,smartphone,iOS,GSM;WCDMA;LTE,2025-01-27,active
171542,Samsung,Samsung X-32,smartphone,Android,GSM;WCDMA;LTE,2025-06-05,active
417459,Apple,iPad Mini 6,tablet,iOS,GSM;WCDMA;LTE;NR,2023-08-07,active
407823,Huawei,Huawei X-74,tablet,HarmonyOS,GSM;WCDMA;LTE,2022-09-18,active
118528,Quectel,Quectel X-65,iot,RTOS,GSM;WCDMA;NR,2020-07-15,active
429839,ZTE,ZTE X-68,router,Embedded Linux,GSM;WCDMA;LTE,2021-09-22,active
917241,Realme,Realme X-31,smartphone,Android,GSM;WCDMA;LTE;NR,2021-05-23,active
507980,Samsung,Samsung X-82,smartphone,Android,GSM;WCDMA;LTE;NR,2025-09-22,active
665593,Oppo,Oppo X-81,smartphone,Android,GSM;WCDMA;LTE;NR,2024-01-13,active
376185,Oppo,Oppo X-88,smartphone,Android,GSM;WCDMA;LTE;NR,2022-06-02,active
129514,Apple,iPhone 13,smartphone,iOS,GSM;WCDMA;LTE,2025-10-01,active
902364,Netgear,Netgear X-58,router,Embedded Linux,GSM;WCDMA;LTE,2022-06-14,active
468332,Apple,iPhone 12,smartphone,iOS,GSM;WCDMA;LTE,2022-10-03,active
821411,Xiaomi,Xiaomi X-24,smartphone,Android,GSM;WCDMA;LTE,2020-09-11,active
139193,Oppo,Oppo X-82,smartphone,Android,GSM;WCDMA;LTE;NR,2023-05-01,active
829765,Samsung,Samsung X-50,smartphone,Android,GSM;WCDMA;LTE,2023-06-19,active
202472,Huawei,Huawei X-98,router,HarmonyOS,GSM;WCDMA;LTE;NR,2022-08-17,active
950874,Lenovo,Lenovo X-31,tablet,Android,GSM;WCDMA;LTE;NR,2022-07-07,active
621091,Apple,iPad Mini 4,tablet,iOS,GSM;WCDMA;LTE,2020-05-19,active
521556,Huawei,Huawei X-84,router,HarmonyOS,GSM;WCDMA;LTE,2022-05-03,active
693943,ZTE,ZTE X-64,router,Embedded Linux,GSM;WCDMA;LTE,2020-11-27,active
416509,Xiaomi,Xiaomi X-65,smartphone,Android,GSM;WCDMA;LTE;NR,2022-04-14,active
521843,Vivo,Vivo X-68,smartphone,Android,GSM;WCDMA;LTE;NR,2024-03-01,active
758342,Samsung,Samsung X-83,tablet,Android,GSM;WCDMA;LTE;NR,2025-12-15,active
380951,Telit,Telit X-82,iot,RTOS,GSM;WCDMA;NR,2020-09-07,active
481969,Apple,iPhone 12,smartphone,iOS,GSM;WCDMA;LTE;NR,2022-07-14,active
434132,Huawei,Huawei X-91,router,HarmonyOS,GSM;WCDMA;LTE,2023-05-27,active
400988,Lenovo,Lenovo X-97,tablet,Android,GSM;WCDMA;LTE;NR,2023-04-04,active
257246,Apple,iPhone 13,smartphone,iOS,GSM;WCDMA;LTE;NR,2024-07-14,active
778346,SimCom,SimCom X-30,iot,RTOS,GSM;WCDMA,2020-05-26,active
942570,Vivo,Vivo X-32,smartphone,Android,GSM;WCDMA;LTE;NR,2020-12-16,active
920231,Samsung,Samsung X-50,smartphone,Android,GSM;WCDMA;LTE;NR,2020-07-12,active
804299,Apple,iPad Mini 6,tablet,iOS,GSM;WCDMA;LTE;NR,2021-02-19,active
870158,Samsung,Samsung X-76,smartphone,Android,GSM;WCDMA;LTE;NR,2024-09-09,active
620566,TP-Link,TP-Link X-86,router,Embedded Linux,GSM;WCDMA;LTE,2022-06-27,active
712710,Samsung,Samsung X-64,tablet,Android,GSM;WCDMA;LTE,2020-03-07,active
387883,Xiaomi,Xiaomi X-85,smartphone,Android,GSM;WCDMA;LTE,2024-06-23,active
218448,Oppo,Oppo X-70,smartphone,Android,GSM;WCDMA;LTE;NR,2022-03-12,active
598306,Lenovo,Lenovo X-12,tablet,Android,GSM;WCDMA;LTE;NR,2024-01-27,active
875369,Apple,iPad Mini 5,tablet,iOS,GSM;WCDMA;LTE;NR,2022-11-23,active
480481,Quectel,Quectel X-78,iot,RTOS,GSM;WCDMA;NR,2023-07-01,active
512064,Sierra Wireless,Sierra Wireless X-48,iot,Embedded Linux,GSM;WCDMA,2021-05-07,active
268010,Sierra Wireless,Sierra Wireless X-92,iot,Embedded Linux,GSM;WCDMA;NR,2020-05-28,active
183985,ZTE,ZTE X-70,router,Embedded Linux,GSM;WCDMA;LTE;NR,2022-12-14,active
960085,Apple,iPhone 13,smartphone,iOS,GSM;WCDMA;LTE;NR,2022-07-20,active
864654,Netgear,Netgear X-68,router,Embedded Linux,GSM;WCDMA;LTE;NR,2020-11-21,active
292664,Samsung,Samsung X-10,tablet,Android,GSM;WCDMA;LTE;NR,2025-05-11,active
703779,Apple,iPhone 12,smartphone,iOS,GSM;WCDMA;LTE;NR,2025-03-28,active
722871,Lenovo,Lenovo X-67,tablet,Android,GSM;WCDMA;LTE;NR,2025-03-09,active
281905,Lenovo,Lenovo X-46,tablet,Android,GSM;WCDMA;LTE,2023-06-06,active
512608,TP-Link,TP-Link X-12,router,Embedded Linux,GSM;WCDMA;LTE;NR,2024-11-20,active
757066,Samsung,Samsung X-69,smartphone,Android,GSM;WCDMA;LTE,2025-03-02,active
520515,Lenovo,Lenovo X-29,tablet,Android,GSM;WCDMA;LTE,2022-03-19,active
223050,Vivo,Vivo X-65,smartphone,Android,GSM;WCDMA;LTE;NR,2023-11-16,active
224269,Apple,iPhone 12,smartphone,iOS,GSM;WCDMA;LTE;NR,2022-05-24,active
618172,Oppo,Oppo X-36,smartphone,Android,GSM;WCDMA;LTE;NR,2022-12-22,active
298561,Oppo,Oppo X-28,smartphone,Android,GSM;WCDMA;LTE,2022-04-20,active
572883,Sierra Wireless,Sierra Wireless X-84,iot,Embedded Linux,GSM;WCDMA;NR,2023-02-01,active
591658,Xiaomi,Xiaomi X-98,smartphone,Android,GSM;WCDMA;LTE,2021-12-13,active
842866,Vivo,Vivo X-42,smartphone,Android,GSM;WCDMA;LTE,2024-01-02,active
449031,Telit,Telit X-55,iot,RTOS,GSM;WCDMA;NR,2025-10-23,active
884588,Huawei,Huawei X-42,router,HarmonyOS,GSM;WCDMA;LTE;NR,2023-05-13,active
803869,Vivo,Vivo X-15,smartphone,Android,GSM;WCDMA;LTE;NR,2022-03-17,active
616780,Telit,Telit X-26,iot,RTOS,GSM;WCDMA,2025-09-14,active
248683,Xiaomi,Xiaomi X-15,smartphone,Android,GSM;WCDMA;LTE;NR,2023-05-24,active
478108,Sierra Wireless,Sierra Wireless X-43,iot,Embedded Linux,GSM;WCDMA;NR,2022-09-11,active
556943,Netgear,Netgear X-72,router,Embedded Linux,GSM;WCDMA;LTE;NR,2021-09-28,active
789354,Huawei,Huawei X-16,tablet,HarmonyOS,GSM;WCDMA;LTE,2020-04-06,active
137604,Apple,iPhone 14,smartphone,iOS,GSM;WCDMA;LTE;NR,2023-01-15,active
473838,Telit,Telit X-68,iot,RTOS,GSM;WCDMA;NR,2025-03-04,active
466586,Xiaomi,Xiaomi X-33,smartphone,Android,GSM;WCDMA;LTE;NR,2025-09-27,active
386042,Realme,Realme X-84,smartphone,Android,GSM;WCDMA;LTE,2020-09-25,active
698514,Samsung,Samsung X-41,smartphone,Android,GSM;WCDMA;LTE;NR,2025-02-11,active
127223,Realme,Realme X-25,smartphone,Android,GSM;WCDMA;LTE,2024-02-27,active
439254,Samsung,Samsung X-68,smartphone,Android,GSM;WCDMA;LTE;NR,2025-08-15,active
758879,Quectel,Quectel X-52,iot,RTOS,GSM;WCDMA;NR,2025-10-15,active
440698,SimCom,SimCom X-37,iot,RTOS,GSM;WCDMA;NR,2025-05-11,active
936917,Samsung,Samsung X-80,smartphone,Android,GSM;WCDMA;LTE;NR,2023-02-13,active
367558,Oppo,Oppo X-21,smartphone,Android,GSM;WCDMA;LTE,2021-03-13,active
917357,Realme,Realme X-93,smartphone,Android,GSM;WCDMA;LTE,2022-08-26,active
553360,Lenovo,Lenovo X-97,tablet,Android,GSM;WCDMA;LTE;NR,2022-11-04,active
972470,Apple,iPhone 14,smartphone,iOS,GSM;WCDMA;LTE;NR,2023-08-09,active
690408,Apple,iPad Mini 5,tablet,iOS,GSM;WCDMA;LTE;NR,2023-11-14,active
197462,Xiaomi,Xiaomi X-69,smartphone,Android,GSM;WCDMA;LTE;NR,2025-11-23,active
262602,Quectel,Quectel X-47,iot,RTOS,GSM;WCDMA;NR,2020-08-10,active
255825,Sierra Wireless,Sierra Wireless X-41,iot,Embedded Linux,GSM;WCDMA;NR,2022-10-02,active
677759,Samsung,Samsung X-75,smartphone,Android,GSM;WCDMA;LTE,2023-07-04,active
587227,Lenovo,Lenovo X-55,tablet,Android,GSM;WCDMA;LTE,2020-09-01,active
219470,Huawei,Huawei X-32,tablet,HarmonyOS,GSM;WCDMA;LTE;NR,2023-01-03,active
536471,Netgear,Netgear X-50,router,Embedded Linux,GSM;WCDMA;LTE;NR,2023-11-15,active
754112,Netgear,Netgear X-33,router,Embedded Linux,GSM;WCDMA;LTE,2020-12-20,active
371914,Huawei,Huawei X-65,router,HarmonyOS,GSM;WCDMA;LTE;NR,2020-07-04,active
113950,Oppo,Oppo X-68,smartphone,Android,GSM;WCDMA;LTE;NR,2025-12-20,active
861173,Vivo,Vivo X-88,smartphone,Android,GSM;WCDMA;LTE,2025-12-22,active
514184,Huawei,Huawei X-26,router,HarmonyOS,GSM;WCDMA;LTE,2021-02-27,active
116656,Samsung,Samsung X-13,tablet,Android,GSM;WCDMA;LTE,2025-03-21,active
353524,Realme,Realme X-78,smartphone,Android,GSM;WCDMA;LTE,2022-08-05,active
597013,Samsung,Samsung X-31,smartphone,Android,GSM;WCDMA;LTE;NR,2025-12-15,active
608608,Oppo,Oppo X-84,smartphone,Android,GSM;WCDMA;LTE,2022-10-27,active
974343,Xiaomi,Xiaomi X-11,smartphone,Android,GSM;WCDMA;LTE,2025-07-14,active
989838,Vivo,Vivo X-86,smartphone,Android,GSM;WCDMA;LTE;NR,2022-01-16,active
519095,Vivo,Vivo X-88,smartphone,Android,GSM;WCDMA;LTE;NR,2023-04-23,active
163653,Oppo,Oppo X-83,smartphone,Android,GSM;WCDMA;LTE,2020-05-21,active
537400,Huawei,Huawei X-73,router,HarmonyOS,GSM;WCDMA;LTE;NR,2025-06-15,active
831396,Apple,iPhone 13,smartphone,iOS,GSM;WCDMA;LTE;NR,2023-06-15,active
343377,Vivo,Vivo X-97,smartphone,Android,GSM;WCDMA;LTE,2024-12-22,active
591223,Xiaomi,Xiaomi X-59,smartphone,Android,GSM;WCDMA;LTE;NR,2025-11-24,active
477755,Samsung,Samsung X-89,tablet,Android,GSM;WCDMA;LTE,2025-12-03,active
799459,Apple,iPhone 12,smartphone,iOS,GSM;WCDMA;LTE,2023-02-26,active
536191,Telit,Telit X-48,iot,RTOS,GSM;WCDMA,2024-01-01,active
476215,Netgear,Netgear X-96,router,Embedded Linux,GSM;WCDMA;LTE,2024-01-26,active
166758,Samsung,Samsung X-89,smartphone,Android,GSM;WCDMA;LTE,2024-04-16,active
370346,Sierra Wireless,Sierra Wireless X-15,iot,Embedded Linux,GSM;WCDMA;NR,2024-05-05,active
994863,Apple,iPad Mini 5,tablet,iOS,GSM;WCDMA;LTE;NR,2020-02-26,active
740231,Apple,iPad Mini 4,tablet,iOS,GSM;WCDMA;LTE;NR,2021-11-04,active
315363,SimCom,SimCom X-47,iot,RTOS,GSM;WCDMA;NR,2024-08-24,active
204117,Xiaomi,Xiaomi X-52,smartphone,Android,GSM;WCDMA;LTE;NR,2020-04-15,active
535945,Apple,iPad Mini 5,tablet,iOS,GSM;WCDMA;LTE,2024-03-03,active
378937,Oppo,Oppo X-56,smartphone,Android,GSM;WCDMA;LTE;NR,2021-03-25,active
890109,Apple,iPhone 12,smartphone,iOS,GSM;WCDMA;LTE;NR,2023-07-15,active
993796,Realme,Realme X-56,smartphone,Android,GSM;WCDMA;LTE;NR,2023-03-25,active
110431,Apple,iPad Mini 5,tablet,iOS,GSM;WCDMA;LTE,2021-07-02,active
512369,Samsung,Samsung X-83,tablet,Android,GSM;WCDMA;LTE,2025-12-26,active
792439,Netgear,Netgear X-63,router,Embedded Linux,GSM;WCDMA;LTE;NR,2025-12-18,active
419105,Lenovo,Lenovo X-54,tablet,Android,GSM;WCDMA;LTE,2022-09-20,active
253995,Huawei,Huawei X-92,tablet,HarmonyOS,GSM;WCDMA;LTE,2024-10-26,active
748216,Lenovo,Lenovo X-93,tablet,Android,GSM;WCDMA;LTE;NR,2021-05-03,active
138766,Oppo,Oppo X-26,smartphone,Android,GSM;WCDMA;LTE;NR,2024-05-07,active
197328,Xiaomi,Xiaomi X-76,smartphone,Android,GSM;WCDMA;LTE,2025-03-01,active
129246,Netgear,Netgear X-40,router,Embedded Linux,GSM;WCDMA;LTE;NR,2022-12-14,active
629818,Samsung,Samsung X-57,smartphone,Android,GSM;WCDMA;LTE,2024-06-04,active
150051,Apple,iPad Mini 5,tablet,iOS,GSM;WCDMA;LTE;NR,2020-08-11,active
347565,TP-Link,TP-Link X-54,router,Embedded Linux,GSM;WCDMA;LTE,2025-12-19,active
805097,Oppo,Oppo X-76,smartphone,Android,GSM;WCDMA;LTE;NR,2020-06-17,active
710658,Xiaomi,Xiaomi X-68,smartphone,Android,GSM;WCDMA;LTE,2025-07-27,active
532068,Samsung,Samsung X-64,smartphone,Android,GSM;WCDMA;LTE;NR,2023-04-15,active
181865,Vivo,Vivo X-61,smartphone,Android,GSM;WCDMA;LTE;NR,2024-07-28,active
376502,Realme,Realme X-64,smartphone,Android,GSM;WCDMA;LTE;NR,2025-08-24,active
537174,TP-Link,TP-Link X-74,router,Embedded Linux,GSM;WCDMA;LTE,2025-08-05,active
838747,Vivo,Vivo X-25,smartphone,Android,GSM;WCDMA;LTE;NR,2023-08-02,active
882758,Vivo,Vivo X-57,smartphone,Android,GSM;WCDMA;LTE;NR,2020-10-28,active
528468,Xiaomi,Xiaomi X-83,smartphone,Android,GSM;WCDMA;LTE,2024-03-04,active
489511,Xiaomi,Xiaomi X-48,smartphone,Android,GSM;WCDMA;LTE,2020-03-05,active
921866,Samsung,Samsung X-49,smartphone,Android,GSM;WCDMA;LTE;NR,2021-03-27,active
875590,Samsung,Samsung X-80,smartphone,Android,GSM;WCDMA;LTE,2020-07-16,active
700896,Oppo,Oppo X-53,smartphone,Android,GSM;WCDMA;LTE;NR,2023-12-27,active
735132,Apple,iPhone 15,smartphone,iOS,GSM;WCDMA;LTE;NR,2023-11-15,active
256219,Netgear,Netgear X-21,router,Embedded Linux,GSM;WCDMA;LTE;NR,2025-10-14,active
506045,Oppo,Oppo X-53,smartphone,Android,GSM;WCDMA;LTE;NR,2025-08-24,active
390848,Samsung,Samsung X-13,tablet,Android,GSM;WCDMA;LTE;NR,2025-05-18,active
776498,Vivo,Vivo X-20,smartphone,Android,GSM;WCDMA;LTE,2024-09-19,active
894417,Vivo,Vivo X-76,smartphone,Android,GSM;WCDMA;LTE,2023-09-01,active
226126,Samsung,Samsung X-12,tablet,Android,GSM;WCDMA;LTE,2021-04-27,active
839893,ZTE,ZTE X-20,router,Embedded Linux,GSM;WCDMA;LTE;NR,2024-06-13,active
717499,Samsung,Samsung X-53,smartphone,Android,GSM;WCDMA;LTE;NR,2023-01-28,active
653545,Xiaomi,Xiaomi X-21,smartphone,Android,GSM;WCDMA;LTE,2020-09-06,active
399212,Xiaomi,Xiaomi X-21,smartphone,Android,GSM;WCDMA;LTE,2023-11-06,active
161775,Lenovo,Lenovo X-33,tablet,Android,GSM;WCDMA;LTE,2020-05-13,active
203540,Oppo,Oppo X-51,smartphone,Android,GSM;WCDMA;LTE,2020-01-07,active
351262,Samsung,Samsung X-73,tablet,Android,GSM;WCDMA;LTE;NR,2024-07-04,active
382368,Oppo,Oppo X-80,smartphone,Android,GSM;WCDMA;LTE;NR,2023-01-14,active
764316,Samsung,Samsung X-44,smartphone,Android,GSM;WCDMA;LTE;NR,2024-11-04,active
358281,Samsung,Samsung X-48,tablet,Android,GSM;WCDMA;LTE;NR,2023-02-28,active
766683,Apple,iPhone 13,smartphone,iOS,GSM;WCDMA;LTE;NR,2021-04-18,active
544336,Telit,Telit X-15,iot,RTOS,GSM;WCDMA,2023-10-10,active
784781,Quectel,Quectel X-17,iot,RTOS,GSM;WCDMA;NR,2023-05-20,active
363076,ZTE,ZTE X-54,router,Embedded Linux,GSM;WCDMA;LTE;NR,2021-10-27,active
635118,Apple,iPhone 15,smartphone,iOS,GSM;WCDMA;LTE;NR,2022-02-13,active
832356,Apple,iPhone 15,smartphone,iOS,GSM;WCDMA;LTE;NR,2023-04-20,active
629342,Sierra Wireless,Sierra Wireless X-97,iot,Embedded Linux,GSM;WCDMA;NR,2025-05-25,active
842133,Apple,iPhone 13,smartphone,iOS,GSM;WCDMA;LTE,2023-10-11,active
116645,SimCom,SimCom X-92,iot,RTOS,GSM;WCDMA;NR,2024-08-01,active
110043,Huawei,Huawei X-81,tablet,HarmonyOS,GSM;WCDMA;LTE;NR,2025-08-25,active
511871,Realme,Realme X-93,smartphone,Android,GSM;WCDMA;LTE,2020-11-15,active
804900,Oppo,Oppo X-86,smartphone,Android,GSM;WCDMA;LTE,2021-12-01,active
230824,Apple,iPhone 14,smartphone,iOS,GSM;WCDMA;LTE,2025-01-25,active
394790,Lenovo,Lenovo X-34,tablet,Android,GSM;WCDMA;LTE,2024-11-10,active
947684,Samsung,Samsung X-73,tablet,Android,GSM;WCDMA;LTE;NR,2020-05-16,active
838247,Samsung,Samsung X-10,tablet,Android,GSM;WCDMA;LTE,2025-07-04,active
390819,Oppo,Oppo X-31,smartphone,Android,GSM;WCDMA;LTE;NR,2025-12-19,active
804827,Samsung,Samsung X-18,tablet,Android,GSM;WCDMA;LTE;NR,2025-02-05,active
372235,SimCom,SimCom X-76,iot,RTOS,GSM;WCDMA;NR,2022-04-28,active
810912,Realme,Realme X-96,smartphone,Android,GSM;WCDMA;LTE;NR,2022-11-18,active
575976,Oppo,Oppo X-92,smartphone,Android,GSM;WCDMA;LTE;NR,2025-01-28,active
438689,Oppo,Oppo X-45,smartphone,Android,GSM;WCDMA;LTE,2024-08-16,active
479030,Samsung,Samsung X-38,smartphone,Android,GSM;WCDMA;LTE,2023-09-15,active
431603,Apple,iPhone 13,smartphone,iOS,GSM;WCDMA;LTE,2024-01-24,active
336588,Telit,Telit X-19,iot,RTOS,GSM;WCDMA;NR,2021-03-11,active
425903,Realme,Realme X-22,smartphone,Android,GSM;WCDMA;LTE,2023-01-19,active
935946,Lenovo,Lenovo X-42,tablet,Android,GSM;WCDMA;LTE,2023-04-11,active
972957,Xiaomi,Xiaomi X-76,smartphone,Android,GSM;WCDMA;LTE;NR,2020-10-20,active
559831,Huawei,Huawei X-84,tablet,HarmonyOS,GSM;WCDMA;LTE,2020-01-13,active
428497,Huawei,Huawei X-26,router,HarmonyOS,GSM;WCDMA;LTE,2023-01-10,active
740405,Apple,iPad Mini 6,tablet,iOS,GSM;WCDMA;LTE,2020-05-28,active
499985,Vivo,Vivo X-62,smartphone,Android,GSM;WCDMA;LTE,2024-11-20,active
111121,Oppo,Oppo X-64,smartphone,Android,GSM;WCDMA;LTE;NR,2024-02-11,active
782540,Quectel,Quectel X-68,iot,RTOS,GSM;WCDMA;NR,2024-04-04,active
207677,Realme,Realme X-18,smartphone,Android,GSM;WCDMA;LTE;NR,2021-10-05,active
768324,Xiaomi,Xiaomi X-63,smartphone,Android,GSM;WCDMA;LTE;NR,2024-08-06,active
354963,Samsung,Samsung X-17,smartphone,Android,GSM;WCDMA;LTE,2024-07-17,active
783362,Lenovo,Lenovo X-84,tablet,Android,GSM;WCDMA;LTE;NR,2021-03-16,active
423668,Lenovo,Lenovo X-57,tablet,Android,GSM;WCDMA;LTE;NR,2024-10-22,active
811249,Apple,iPhone 15,smartphone,iOS,GSM;WCDMA;LTE;NR,2024-01-14,active
460517,Apple,iPhone 12,smartphone,iOS,GSM;WCDMA;LTE;NR,2022-04-22,active
598833,Huawei,Huawei X-86,tablet,HarmonyOS,GSM;WCDMA;LTE;NR,2024-10-11,active
746030,Xiaomi,Xiaomi X-30,smartphone,Android,GSM;WCDMA;LTE,2020-08-08,active
103876,Samsung,Samsung X-69,tablet,Android,GSM;WCDMA;LTE;NR,2021-08-24,active
905671,Sierra Wireless,Sierra Wireless X-58,iot,Embedded Linux,GSM;WCDMA,2021-01-12,active
110372,Samsung,Samsung X-81,smartphone,Android,GSM;WCDMA;LTE,2022-08-07,active
762002,Xiaomi,Xiaomi X-15,smartphone,Android,GSM;WCDMA;LTE;NR,2021-04-10,active
282605,Xiaomi,Xiaomi X-32,smartphone,Android,GSM;WCDMA;LTE,2024-04-06,active
305507,Xiaomi,Xiaomi X-22,smartphone,Android,GSM;WCDMA;LTE,2025-03-13,active
786680,Apple,iPad Mini 4,tablet,iOS,GSM;WCDMA;LTE,2021-06-26,active
490437,Huawei,Huawei X-18,tablet,HarmonyOS,GSM;WCDMA;LTE,2021-04-07,active
658424,Xiaomi,Xiaomi X-50,smartphone,Android,GSM;WCDMA;LTE;NR,2025-04-02,active
900149,Samsung,Samsung X-78,tablet,Android,GSM;WCDMA;LTE,2021-06-08,active
155846,Lenovo,Lenovo X-26,tablet,Android,GSM;WCDMA;LTE;NR,2024-08-07,active
862627,Oppo,Oppo X-94,smartphone,Android,GSM;WCDMA;LTE;NR,2021-09-13,active
887803,Netgear,Netgear X-73,router,Embedded Linux,GSM;WCDMA;LTE;NR,2021-06-23,active
492040,Oppo,Oppo X-73,smartphone,Android,GSM;WCDMA;LTE;NR,2024-07-21,active
929029,Samsung,Samsung X-36,smartphone,Android,GSM;WCDMA;LTE,2021-08-28,active
345770,Xiaomi,Xiaomi X-64,smartphone,Android,GSM;WCDMA;LTE;NR,2024-03-27,active
492279,Samsung,Samsung X-27,smartphone,Android,GSM;WCDMA;LTE;NR,2022-08-17,active
468653,Samsung,Samsung X-69,smartphone,Android,GSM;WCDMA;LTE;NR,2022-07-15,active
590262,Xiaomi,Xiaomi X-73,smartphone,Android,GSM;WCDMA;LTE,2023-01-06,active
563143,Realme,Realme X-19,smartphone,Android,GSM;WCDMA;LTE,2020-05-27,active
626138,Realme,Realme X-20,smartphone,Android,GSM;WCDMA;LTE;NR,2021-02-04,active
174814,Vivo,Vivo X-35,smartphone,Android,GSM;WCDMA;LTE,2025-06-09,active
417420,Lenovo,Lenovo X-34,tablet,Android,GSM;WCDMA;LTE;NR,2021-12-24,active
669508,Quectel,Quectel X-48,iot,RTOS,GSM;WCDMA,2022-07-13,active
961784,Realme,Realme X-11,smartphone,Android,GSM;WCDMA;LTE;NR,2024-03-28,active
516814,Realme,Realme X-36,smartphone,Android,GSM;WCDMA;LTE;NR,2024-10-26,active
679459,Huawei,Huawei X-53,tablet,HarmonyOS,GSM;WCDMA;LTE;NR,2022-04-14,active
907540,Telit,Telit X-36,iot,RTOS,GSM;WCDMA;NR,2024-01-12,active
245699,Apple,iPhone 13,smartphone,iOS,GSM;WCDMA;LTE;NR,2020-08-26,active
790852,Netgear,Netgear X-38,router,Embedded Linux,GSM;WCDMA;LTE;NR,2025-07-25,active
916466,Lenovo,Lenovo X-51,tablet,Android,GSM;WCDMA;LTE;NR,2024-01-05,active
261156,Sierra Wireless,Sierra Wireless X-82,iot,Embedded Linux,GSM;WCDMA;NR,2024-10-19,active
509873,SimCom,SimCom X-60,iot,RTOS,GSM;WCDMA,2023-04-16,active
213915,Oppo,Oppo X-91,smartphone,Android,GSM;WCDMA;LTE;NR,2020-03-04,active
807668,Samsung,Samsung X-98,smartphone,Android,GSM;WCDMA;LTE;NR,2020-03-07,active
172866,Telit,Telit X-46,iot,RTOS,GSM;WCDMA,2022-11-17,active
173378,Xiaomi,Xiaomi X-76,smartphone,Android,GSM;WCDMA;LTE,2022-07-13,active
264663,SimCom,SimCom X-78,iot,RTOS,GSM;WCDMA;NR,2025-02-13,active
316509,Apple,iPhone 13,smartphone,iOS,GSM;WCDMA;LTE;NR,2025-11-16,active
266494,Lenovo,Lenovo X-85,tablet,Android,GSM;WCDMA;LTE,2025-11-15,active
388820,Apple,iPhone 14,smartphone,iOS,GSM;WCDMA;LTE,2023-10-26,active
358830,Vivo,Vivo X-72,smartphone,Android,GSM;WCDMA;LTE;NR,2024-01-24,active
195528,Oppo,Oppo X-54,smartphone,Android,GSM;WCDMA;LTE;NR,2025-05-13,active
742805,TP-Link,TP-Link X-63,router,Embedded Linux,GSM;WCDMA;LTE,2024-12-14,active
580067,Realme,Realme X-33,smartphone,Android,GSM;WCDMA;LTE;NR,2020-07-23,active
145785,Apple,iPhone 13,smartphone,iOS,GSM;WCDMA;LTE;NR,2024-05-22,active
169986,Samsung,Samsung X-73,tablet,Android,GSM;WCDMA;LTE;NR,2024-02-12,active
180251,Lenovo,Lenovo X-62,tablet,Android,GSM;WCDMA;LTE;NR,2022-04-17,active
146803,Samsung,Samsung X-91,smartphone,Android,GSM;WCDMA;LTE;NR,2025-08-13,active
460351,Samsung,Samsung X-60,tablet,Android,GSM;WCDMA;LTE,2022-02-23,active
243110,Realme,Realme X-69,smartphone,Android,GSM;WCDMA;LTE;NR,2020-02-18,active
788938,Oppo,Oppo X-27,smartphone,Android,GSM;WCDMA;LTE;NR,2022-03-06,active
979226,Samsung,Samsung X-32,smartphone,Android,GSM;WCDMA;LTE,2024-12-13,active
276636,Samsung,Samsung X-96,smartphone,Android,GSM;WCDMA;LTE,2023-06-06,active
327197,Samsung,Samsung X-66,tablet,Android,GSM;WCDMA;LTE;NR,2025-09-21,active
794723,Apple,iPad Mini 6,tablet,iOS,GSM;WCDMA;LTE,2020-10-01,active
151028,Samsung,Samsung X-41,tablet,Android,GSM;WCDMA;LTE,2021-04-03,active
116817,Samsung,Samsung X-53,smartphone,Android,GSM;WCDMA;LTE;NR,2025-11-03,active
331282,Quectel,Quectel X-95,iot,RTOS,GSM;WCDMA,2021-01-14,active
637395,Xiaomi,Xiaomi X-51,smartphone,Android,GSM;WCDMA;LTE;NR,2021-10-07,active
668016,Oppo,Oppo X-25,smartphone,Android,GSM;WCDMA;LTE,2020-06-11,active
282055,Realme,Realme X-50,smartphone,Android,GSM;WCDMA;LTE,2021-08-08,active
169223,Lenovo,Lenovo X-93,tablet,Android,GSM;WCDMA;LTE;NR,2020-02-07,active
531066,Vivo,Vivo X-73,smartphone,Android,GSM;WCDMA;LTE;NR,2020-12-18,active
929696,SimCom,SimCom X-42,iot,RTOS,GSM;WCDMA;NR,2024-06-21,active
830139,Realme,Realme X-27,smartphone,Android,GSM;WCDMA;LTE,2025-12-11,active
992919,Apple,iPad Mini 4,tablet,iOS,GSM;WCDMA;LTE;NR,2024-08-13,active
635849,Samsung,Samsung X-74,tablet,Android,GSM;WCDMA;LTE;NR,2020-04-01,active
746288,Apple,iPad Mini 4,tablet,iOS,GSM;WCDMA;LTE;NR,2021-10-03,active
162833,Oppo,Oppo X-47,smartphone,Android,GSM;WCDMA;LTE,2023-04-21,active
139748,Realme,Realme X-86,smartphone,Android,GSM;WCDMA;LTE;NR,2023-12-11,active
240789,Realme,Realme X-15,smartphone,Android,GSM;WCDMA;LTE;NR,2023-11-27,active
402467,Samsung,Samsung X-52,tablet,Android,GSM;WCDMA;LTE,2021-09-02,active
797309,SimCom,SimCom X-87,iot,RTOS,GSM;WCDMA;NR,2024-06-06,active
563849,Apple,iPad Mini 4,tablet,iOS,GSM;WCDMA;LTE;NR,2020-11-05,active
314140,Apple,iPhone 15,smartphone,iOS,GSM;WCDMA;LTE;NR,2021-04-17,active
181961,Oppo,Oppo X-49,smartphone,Android,GSM;WCDMA;LTE,2021-04-14,active
285006,Lenovo,Lenovo X-46,tablet,Android,GSM;WCDMA;LTE;NR,2025-04-09,active
919240,Xiaomi,Xiaomi X-60,smartphone,Android,GSM;WCDMA;LTE,2023-08-14,active
629837,Huawei,Huawei X-29,tablet,HarmonyOS,GSM;WCDMA;LTE;NR,2023-01-25,active
499947,Samsung,Samsung X-48,smartphone,Android,GSM;WCDMA;LTE;NR,2021-09-24,active
284234,Oppo,Oppo X-49,smartphone,Android,GSM;WCDMA;LTE;NR,2023-09-20,active
604201,Apple,iPhone 14,smartphone,iOS,GSM;WCDMA;LTE,2021-01-01,active
625021,Lenovo,Lenovo X-72,tablet,Android,GSM;WCDMA;LTE;NR,2023-07-24,active
491270,Xiaomi,Xiaomi X-92,smartphone,Android,GSM;WCDMA;LTE;NR,2020-07-02,active
230524,Vivo,Vivo X-30,smartphone,Android,GSM;WCDMA;LTE,2023-05-25,active
888086,Huawei,Huawei X-91,tablet,HarmonyOS,GSM;WCDMA;LTE;NR,2025-01-21,active
504051,SimCom,SimCom X-41,iot,RTOS,GSM;WCDMA;NR,2022-11-23,active
809283,Realme,Realme X-92,smartphone,Android,GSM;WCDMA;LTE,2024-08-22,active
254525,Vivo,Vivo X-84,smartphone,Android,GSM;WCDMA;LTE;NR,2021-01-04,active
908422,Realme,Realme X-59,smartphone,Android,GSM;WCDMA;LTE,2024-02-17,active
297995,TP-Link,TP-Link X-64,router,Embedded Linux,GSM;WCDMA;LTE,2022-09-18,active
790472,Netgear,Netgear X-62,router,Embedded Linux,GSM;WCDMA;LTE;NR,2025-02-04,active
767083,Xiaomi,Xiaomi X-28,smartphone,Android,GSM;WCDMA;LTE,2021-12-13,active
832964,Apple,iPhone 14,smartphone,iOS,GSM;WCDMA;LTE,2020-12-14,active
650462,Xiaomi,Xiaomi X-65,smartphone,Android,GSM;WCDMA;LTE,2022-03-23,active
240857,Apple,iPhone 15,smartphone,iOS,GSM;WCDMA;LTE;NR,2023-10-27,active
322899,Samsung,Samsung X-33,smartphone,Android,GSM;WCDMA;LTE;NR,2021-05-28,active
528649,Vivo,Vivo X-23,smartphone,Android,GSM;WCDMA;LTE;NR,2021-02-10,active
189870,Xiaomi,Xiaomi X-18,smartphone,Android,GSM;WCDMA;LTE,2024-04-16,active
608763,Apple,iPad Mini 4,tablet,iOS,GSM;WCDMA;LTE,2020-11-19,active
927543,Quectel,Quectel X-37,iot,RTOS,GSM;WCDMA;NR,2020-07-20,active
645337,Sierra Wireless,Sierra Wireless X-72,iot,Embedded Linux,GSM;WCDMA;NR,2022-10-14,active
452898,Xiaomi,Xiaomi X-50,smartphone,Android,GSM;WCDMA;LTE;NR,2022-11-13,active
496818,Lenovo,Lenovo X-52,tablet,Android,GSM;WCDMA;LTE;NR,2020-08-28,active
832229,Apple,iPhone 11,smartphone,iOS,GSM;WCDMA;LTE;NR,2024-05-23,active
887941,Netgear,Netgear X-67,router,Embedded Linux,GSM;WCDMA;LTE;NR,2025-08-17,active
533194,Apple,iPad Mini 4,tablet,iOS,GSM;WCDMA;LTE;NR,2020-12-11,active
810860,Vivo,Vivo X-72,smartphone,Android,GSM;WCDMA;LTE;NR,2024-02-12,active
548702,Telit,Telit X-94,iot,RTOS,GSM;WCDMA;NR,2020-12-13,active
408137,Samsung,Samsung X-76,tablet,Android,GSM;WCDMA;LTE;NR,2025-09-02,active
234072,Samsung,Samsung X-48,smartphone,Android,GSM;WCDMA;LTE;NR,2024-08-06,active
567965,Telit,Telit X-94,iot,RTOS,GSM;WCDMA;NR,2021-04-06,active
889842,Quectel,Quectel X-23,iot,RTOS,GSM;WCDMA;NR,2025-01-06,active
442360,Sierra Wireless,Sierra Wireless X-38,iot,Embedded Linux,GSM;WCDMA;NR,2025-08-22,active
229077,Huawei,Huawei X-21,tablet,HarmonyOS,GSM;WCDMA;LTE;NR,2022-04-19,active
903562,Quectel,Quectel X-92,iot,RTOS,GSM;WCDMA,2025-12-24,active
860247,Realme,Realme X-81,smartphone,Android,GSM;WCDMA;LTE;NR,2023-04-08,active
371679,Samsung,Samsung X-24,smartphone,Android,GSM;WCDMA;LTE,2025-10-07,active
880788,Sierra Wireless,Sierra Wireless X-26,iot,Embedded Linux,GSM;WCDMA;NR,2023-10-24,active
101760,Vivo,Vivo X-78,smartphone,Android,GSM;WCDMA;LTE,2023-07-11,active
908746,Realme,Realme X-26,smartphone,Android,GSM;WCDMA;LTE;NR,2024-10-08,active
211763,Vivo,Vivo X-68,smartphone,Android,GSM;WCDMA;LTE,2022-04-16,active
813011,Vivo,Vivo X-46,smartphone,Android,GSM;WCDMA;LTE,2025-12-02,active
727971,Vivo,Vivo X-98,smartphone,Android,GSM;WCDMA;LTE,2025-10-16,active
761732,ZTE,ZTE X-47,router,Embedded Linux,GSM;WCDMA;LTE;NR,2023-01-26,active
449327,Realme,Realme X-36,smartphone,Android,GSM;WCDMA;LTE;NR,2021-12-24,active
155119,SimCom,SimCom X-72,iot,RTOS,GSM;WCDMA;NR,2022-11-28,active
266926,Telit,Telit X-53,iot,RTOS,GSM;WCDMA;NR,2023-06-25,active
510373,Vivo,Vivo X-46,smartphone,Android,GSM;WCDMA;LTE,2021-12-28,active
674630,Apple,iPhone 13,smartphone,iOS,GSM;WCDMA;LTE;NR,2024-01-28,active
844056,Realme,Realme X-30,smartphone,Android,GSM;WCDMA;LTE;NR,2023-12-16,active
405221,TP-Link,TP-Link X-37,router,Embedded Linux,GSM;WCDMA;LTE;NR,2021-12-21,active
109576,Vivo,Vivo X-23,smartphone,Android,GSM;WCDMA;LTE;NR,2021-07-14,active
812449,Huawei,Huawei X-22,router,HarmonyOS,GSM;WCDMA;LTE,2023-03-02,active
223047,Sierra Wireless,Sierra Wireless X-85,iot,Embedded Linux,GSM;WCDMA;NR,2021-11-24,active
523618,Samsung,Samsung X-40,smartphone,Android,GSM;WCDMA;LTE,2022-12-20,active
280865,Huawei,Huawei X-98,tablet,HarmonyOS,GSM;WCDMA;LTE;NR,2025-11-03,active
915509,Realme,Realme X-58,smartphone,Android,GSM;WCDMA;LTE,2025-08-12,active
225829,Samsung,Samsung X-72,smartphone,Android,GSM;WCDMA;LTE;NR,2024-04-01,active
715357,Vivo,Vivo X-71,smartphone,Android,GSM;WCDMA;LTE,2025-02-26,active
721678,Oppo,Oppo X-92,smartphone,Android,GSM;WCDMA;LTE;NR,2022-10-05,active
204271,Realme,Realme X-78,smartphone,Android,GSM;WCDMA;LTE,2025-01-13,active
683071,ZTE,ZTE X-18,router,Embedded Linux,GSM;WCDMA;LTE;NR,2024-09-23,active
958602,Apple,iPad Mini 6,tablet,iOS,GSM;WCDMA;LTE;NR,2021-10-23,active
288678,Oppo,Oppo X-50,smartphone,Android,GSM;WCDMA;LTE,2021-10-07,active
784343,Vivo,Vivo X-42,smartphone,Android,GSM;WCDMA;LTE;NR,2020-02-04,active
630734,Vivo,Vivo X-31,smartphone,Android,GSM;WCDMA;LTE;NR,2025-01-08,active
415201,Vivo,Vivo X-47,smartphone,Android,GSM;WCDMA;LTE;NR,2023-03-19,active
614266,Lenovo,Lenovo X-87,tablet,Android,GSM;WCDMA;LTE;NR,2021-12-04,active
794804,TP-Link,TP-Link X-14,router,Embedded Linux,GSM;WCDMA;LTE,2022-04-05,active
731394,Vivo,Vivo X-55,smartphone,Android,GSM;WCDMA;LTE,2025-10-14,active
177971,Xiaomi,Xiaomi X-58,smartphone,Android,GSM;WCDMA;LTE;NR,2021-07-15,active
187298,Telit,Telit X-98,iot,RTOS,GSM;WCDMA,2021-02-21,active
868265,Realme,Realme X-99,smartphone,Android,GSM;WCDMA;LTE;NR,2025-06-19,active
789247,Samsung,Samsung X-63,tablet,Android,GSM;WCDMA;LTE;NR,2022-07-13,active
127168,SimCom,SimCom X-19,iot,RTOS,GSM;WCDMA,2024-02-22,active
675006,Xiaomi,Xiaomi X-91,smartphone,Android,GSM;WCDMA;LTE,2022-05-05,active
936865,Samsung,Samsung X-22,smartphone,Android,GSM;WCDMA;LTE,2021-07-04,active
920755,SimCom,SimCom X-77,iot,RTOS,GSM;WCDMA;NR,2022-10-27,active
945989,Vivo,Vivo X-54,smartphone,Android,GSM;WCDMA;LTE;NR,2022-09-09,active
736975,Samsung,Samsung X-31,smartphone,Android,GSM;WCDMA;LTE,2023-03-12,active
945241,Huawei,Huawei X-71,tablet,HarmonyOS,GSM;WCDMA;LTE;NR,2022-01-22,active
638512,Samsung,Samsung X-28,tablet,Android,GSM;WCDMA;LTE,2025-05-02,active
860657,Lenovo,Lenovo X-41,tablet,Android,GSM;WCDMA;LTE;NR,2023-12-15,active
291999,Xiaomi,Xiaomi X-69,smartphone,Android,GSM;WCDMA;LTE;NR,2022-07-17,active
853367,TP-Link,TP-Link X-49,router,Embedded Linux,GSM;WCDMA;LTE;NR,2020-05-14,active
908010,Samsung,Samsung X-91,smartphone,Android,GSM;WCDMA;LTE,2025-04-03,active
273133,Samsung,Samsung X-46,smartphone,Android,GSM;WCDMA;LTE;NR,2023-01-14,active
809920,Realme,Realme X-27,smartphone,Android,GSM;WCDMA;LTE;NR,2024-11-22,active
658271,Huawei,Huawei X-11,tablet,HarmonyOS,GSM;WCDMA;LTE;NR,2025-01-23,active
545622,Lenovo,Lenovo X-41,tablet,Android,GSM;WCDMA;LTE;NR,2025-09-22,active
738785,Oppo,Oppo X-31,smartphone,Android,GSM;WCDMA;LTE;NR,2024-04-06,active
178771,Apple,iPhone 15,smartphone,iOS,GSM;WCDMA;LTE,2020-07-16,active
497509,Samsung,Samsung X-53,smartphone,Android,GSM;WCDMA;LTE;NR,2021-09-28,active
903643,Netgear,Netgear X-48,router,Embedded Linux,GSM;WCDMA;LTE;NR,2022-04-01,active
873876,Huawei,Huawei X-37,tablet,HarmonyOS,GSM;WCDMA;LTE;NR,2025-09-27,active
137150,Telit,Telit X-17,iot,RTOS,GSM;WCDMA,2024-08-11,active
412843,Samsung,Samsung X-54,smartphone,Android,GSM;WCDMA;LTE;NR,2021-07-12,active
109294,Oppo,Oppo X-35,smartphone,Android,GSM;WCDMA;LTE,2024-03-14,active
229858,Quectel,Quectel X-29,iot,RTOS,GSM;WCDMA;NR,2022-04-16,active
514563,Xiaomi,Xiaomi X-64,smartphone,Android,GSM;WCDMA;LTE;NR,2024-05-04,active
559876,Huawei,Huawei X-30,tablet,HarmonyOS,GSM;WCDMA;LTE,2025-07-01,active
476687,TP-Link,TP-Link X-24,router,Embedded Linux,GSM;WCDMA;LTE,2020-03-13,active
541508,Apple,iPad Mini 6,tablet,iOS,GSM;WCDMA;LTE,2023-11-09,active
224562,Vivo,Vivo X-73,smartphone,Android,GSM;WCDMA;LTE;NR,2025-03-11,active
887574,Huawei,Huawei X-74,tablet,HarmonyOS,GSM;WCDMA;LTE;NR,2025-07-05,active
215063,Quectel,Quectel X-26,iot,RTOS,GSM;WCDMA,2024-01-25,active
817684,Realme,Realme X-53,smartphone,Android,GSM;WCDMA;LTE;NR,2024-12-01,active
555426,Xiaomi,Xiaomi X-72,smartphone,Android,GSM;WCDMA;LTE,2023-04-20,active
259903,Samsung,Samsung X-41,tablet,Android,GSM;WCDMA;LTE,2020-05-23,active
359369,Huawei,Huawei X-35,tablet,HarmonyOS,GSM;WCDMA;LTE;NR,2020-12-24,active
626735,Samsung,Samsung X-85,tablet,Android,GSM;WCDMA;LTE;NR,2021-04-04,active
238722,Xiaomi,Xiaomi X-34,smartphone,Android,GSM;WCDMA;LTE;NR,2023-01-20,active
309341,Samsung,Samsung X-58,smartphone,Android,GSM;WCDMA;LTE;NR,2022-12-21,active
342669,Oppo,Oppo X-71,smartphone,Android,GSM;WCDMA;LTE,2023-11-02,active
419071,Xiaomi,Xiaomi X-45,smartphone,Android,GSM;WCDMA;LTE;NR,2025-07-08,active
435377,TP-Link,TP-Link X-15,router,Embedded Linux,GSM;WCDMA;LTE,2025-12-11,active
322274,Xiaomi,Xiaomi X-87,smartphone,Android,GSM;WCDMA;LTE,2021-05-16,active
481242,Samsung,Samsung X-22,smartphone,Android,GSM;WCDMA;LTE;NR,2025-09-25,active
236637,Realme,Realme X-56,smartphone,Android,GSM;WCDMA;LTE;NR,2024-09-20,active
489642,Xiaomi,Xiaomi X-36,smartphone,Android,GSM;WCDMA;LTE;NR,2020-02-05,active
760140,Apple,iPad Mini 6,tablet,iOS,GSM;WCDMA;LTE;NR,2025-04-07,active
838889,Samsung,Samsung X-19,smartphone,Android,GSM;WCDMA;LTE;NR,2024-06-10,active
860585,Apple,iPhone 15,smartphone,iOS,GSM;WCDMA;LTE;NR,2020-03-07,active
538527,Xiaomi,Xiaomi X-81,smartphone,Android,GSM;WCDMA;LTE;NR,2022-08-21,active
852170,Oppo,Oppo X-18,smartphone,Android,GSM;WCDMA;LTE;NR,2024-09-26,active
122937,Xiaomi,Xiaomi X-99,smartphone,Android,GSM;WCDMA;LTE;NR,2022-01-19,active
163746,Samsung,Samsung X-60,tablet,Android,GSM;WCDMA;LTE;NR,2024-09-03,active
273558,Vivo,Vivo X-59,smartphone,Android,GSM;WCDMA;LTE;NR,2023-07-20,active
384682,Samsung,Samsung X-30,smartphone,Android,GSM;WCDMA;LTE;NR,2024-12-01,active
929053,Vivo,Vivo X-77,smartphone,Android,GSM;WCDMA;LTE,2021-05-23,active
381558,Apple,iPhone 12,smartphone,iOS,GSM;WCDMA;LTE,2021-05-02,active
770685,Xiaomi,Xiaomi X-27,smartphone,Android,GSM;WCDMA;LTE,2020-11-08,active
963408,Samsung,Samsung X-10,smartphone,Android,GSM;WCDMA;LTE;NR,2025-10-12,active
440327,Realme,Realme X-80,smartphone,Android,GSM;WCDMA;LTE,2021-07-20,active
409220,Samsung,Samsung X-90,smartphone,Android,GSM;WCDMA;LTE;NR,2022-04-24,active
393276,Samsung,Samsung X-78,smartphone,Android,GSM;WCDMA;LTE;NR,2024-02-24,active
881996,Lenovo,Lenovo X-90,tablet,Android,GSM;WCDMA;LTE;NR,2024-04-27,active
563664,Xiaomi,Xiaomi X-36,smartphone,Android,GSM;WCDMA;LTE;NR,2023-03-15,active
342979,Huawei,Huawei X-57,tablet,HarmonyOS,GSM;WCDMA;LTE,2023-02-16,active
290330,Apple,iPhone 12,smartphone,iOS,GSM;WCDMA;LTE;NR,2025-03-21,active
395744,Apple,iPhone 12,smartphone,iOS,GSM;WCDMA;LTE;NR,2025-10-07,active
172827,Oppo,Oppo X-41,smartphone,Android,GSM;WCDMA;LTE;NR,2025-07-04,active
859490,Realme,Realme X-11,smartphone,Android,GSM;WCDMA;LTE;NR,2023-07-01,active
215380,Huawei,Huawei X-26,router,HarmonyOS,GSM;WCDMA;LTE,2020-05-05,active
757860,Samsung,Samsung X-23,smartphone,Android,GSM;WCDMA;LTE;NR,2022-12-03,active
312149,Vivo,Vivo X-66,smartphone,Android,GSM;WCDMA;LTE;NR,2022-06-16,active
262018,Vivo,Vivo X-98,smartphone,Android,GSM;WCDMA;LTE,2024-02-01,active
964996,Vivo,Vivo X-47,smartphone,Android,GSM;WCDMA;LTE,2023-03-01,active
335208,Oppo,Oppo X-59,smartphone,Android,GSM;WCDMA;LTE,2025-05-08,active
817663,Realme,Realme X-24,smartphone,Android,GSM;WCDMA;LTE;NR,2020-04-04,active
395503,Vivo,Vivo X-52,smartphone,Android,GSM;WCDMA;LTE,2020-01-20,active
258442,Vivo,Vivo X-52,smartphone,Android,GSM;WCDMA;LTE;NR,2025-07-05,active
799686,Lenovo,Lenovo X-54,tablet,Android,GSM;WCDMA;LTE;NR,2022-08-22,active
487042,Quectel,Quectel X-10,iot,RTOS,GSM;WCDMA;NR,2021-11-05,active
435812,Oppo,Oppo X-71,smartphone,Android,GSM;WCDMA;LTE;NR,2020-10-14,active
862008,Samsung,Samsung X-51,smartphone,Android,GSM;WCDMA;LTE;NR,2021-07-12,active
434826,Oppo,Oppo X-98,smartphone,Android,GSM;WCDMA;LTE;NR,2024-11-11,active
244935,TP-Link,TP-Link X-59,router,Embedded Linux,GSM;WCDMA;LTE;NR,2023-09-18,active
616530,Apple,iPhone 14,smartphone,iOS,GSM;WCDMA;LTE,2025-07-17,active
705947,Samsung,Samsung X-99,tablet,Android,GSM;WCDMA;LTE,2022-01-07,active
991913,Vivo,Vivo X-70,smartphone,Android,GSM;WCDMA;LTE;NR,2020-01-12,active
478387,TP-Link,TP-Link X-47,router,Embedded Linux,GSM;WCDMA;LTE;NR,2024-07-08,active
320974,Huawei,Huawei X-27,router,HarmonyOS,GSM;WCDMA;LTE,2025-12-05,active
495796,Huawei,Huawei X-57,tablet,HarmonyOS,GSM;WCDMA;LTE,2020-11-19,active
177353,Vivo,Vivo X-30,smartphone,Android,GSM;WCDMA;LTE,2022-03-03,active
356949,Vivo,Vivo X-63,smartphone,Android,GSM;WCDMA;LTE,2021-08-24,active
246918,Lenovo,Lenovo X-70,tablet,Android,GSM;WCDMA;LTE;NR,2022-08-26,active
776171,Lenovo,Lenovo X-24,tablet,Android,GSM;WCDMA;LTE,2025-01-20,active
887619,Apple,iPhone 11,smartphone,iOS,GSM;WCDMA;LTE,2023-11-15,active
681074,Lenovo,Lenovo X-83,tablet,Android,GSM;WCDMA;LTE;NR,2025-04-14,active
264417,Samsung,Samsung X-76,smartphone,Android,GSM;WCDMA;LTE,2021-12-07,active
519852,Samsung,Samsung X-60,tablet,Android,GSM;WCDMA;LTE,2025-09-20,active
982600,Realme,Realme X-69,smartphone,Android,GSM;WCDMA;LTE;NR,2025-11-13,active
967438,Samsung,Samsung X-57,smartphone,Android,GSM;WCDMA;LTE;NR,2021-05-04,active
209471,Vivo,Vivo X-52,smartphone,Android,GSM;WCDMA;LTE,2022-03-18,active
168492,Samsung,Samsung X-49,smartphone,Android,GSM;WCDMA;LTE,2021-11-02,active
352009,Vivo,Vivo X-82,smartphone,Android,GSM;WCDMA;LTE,2023-01-02,active
429861,Xiaomi,Xiaomi X-11,smartphone,Android,GSM;WCDMA;LTE;NR,2022-07-17,active
304350,Oppo,Oppo X-55,smartphone,Android,GSM;WCDMA;LTE;NR,2025-11-04,active
447412,Realme,Realme X-74,smartphone,Android,GSM;WCDMA;LTE,2021-01-19,active
934739,Vivo,Vivo X-14,smartphone,Android,GSM;WCDMA;LTE,2021-11-15,active
182578,Huawei,Huawei X-39,router,HarmonyOS,GSM;WCDMA;LTE;NR,2025-11-05,active
906172,Lenovo,Lenovo X-67,tablet,Android,GSM;WCDMA;LTE;NR,2022-05-12,active
753756,ZTE,ZTE X-15,router,Embedded Linux,GSM;WCDMA;LTE;NR,2025-07-08,active
318964,Quectel,Quectel X-29,iot,RTOS,GSM;WCDMA;NR,2023-02-26,active
115667,Xiaomi,Xiaomi X-80,smartphone,Android,GSM;WCDMA;LTE;NR,2020-08-04,active
576900,Xiaomi,Xiaomi X-30,smartphone,Android,GSM;WCDMA;LTE,2024-06-12,active
193563,Realme,Realme X-68,smartphone,Android,GSM;WCDMA;LTE,2023-05-25,active
563518,Samsung,Samsung X-25,tablet,Android,GSM;WCDMA;LTE;NR,2023-01-12,active
400548,Vivo,Vivo X-97,smartphone,Android,GSM;WCDMA;LTE,2022-09-28,active
754974,Sierra Wireless,Sierra Wireless X-20,iot,Embedded Linux,GSM;WCDMA;NR,2024-08-09,active
815711,Realme,Realme X-17,smartphone,Android,GSM;WCDMA;LTE;NR,2021-12-27,active
688041,Samsung,Samsung X-47,smartphone,Android,GSM;WCDMA;LTE,2024-07-28,active
176523,Oppo,Oppo X-95,smartphone,Android,GSM;WCDMA;LTE,2023-08-21,active
661109,Telit,Telit X-23,iot,RTOS,GSM;WCDMA,2025-02-13,active
905533,Oppo,Oppo X-52,smartphone,Android,GSM;WCDMA;LTE,2022-10-16,active
322964,Huawei,Huawei X-24,tablet,HarmonyOS,GSM;WCDMA;LTE,2020-09-05,active
592796,Apple,iPhone 13,smartphone,iOS,GSM;WCDMA;LTE;NR,2024-07-02,active
947808,Oppo,Oppo X-70,smartphone,Android,GSM;WCDMA;LTE,2021-01-25,active
816881,Xiaomi,Xiaomi X-91,smartphone,Android,GSM;WCDMA;LTE,2021-02-09,active
524745,Realme,Realme X-67,smartphone,Android,GSM;WCDMA;LTE;NR,2024-04-22,active
372050,Samsung,Samsung X-21,smartphone,Android,GSM;WCDMA;LTE;NR,2023-06-25,active
411327,Xiaomi,Xiaomi X-63,smartphone,Android,GSM;WCDMA;LTE;NR,2024-12-26,active
268494,Telit,Telit X-55,iot,RTOS,GSM;WCDMA;NR,2024-07-27,active
110413,Vivo,Vivo X-35,smartphone,Android,GSM;WCDMA;LTE,2025-10-20,active
251642,Realme,Realme X-50,smartphone,Android,GSM;WCDMA;LTE,2023-03-16,active
431777,Realme,Realme X-62,smartphone,Android,GSM;WCDMA;LTE,2025-01-15,active
972950,ZTE,ZTE X-91,router,Embedded Linux,GSM;WCDMA;LTE;NR,2020-01-07,active
881931,Telit,Telit X-99,iot,RTOS,GSM;WCDMA;NR,2021-10-13,active
326636,Apple,iPhone 15,smartphone,iOS,GSM;WCDMA;LTE;NR,2022-06-01,active
416611,Huawei,Huawei X-99,router,HarmonyOS,GSM;WCDMA;LTE;NR,2023-07-14,active
468814,Vivo,Vivo X-64,smartphone,Android,GSM;WCDMA;LTE;NR,2022-02-06,active
581111,Apple,iPhone 15,smartphone,iOS,GSM;WCDMA;LTE;NR,2024-07-13,active
398873,ZTE,ZTE X-91,router,Embedded Linux,GSM;WCDMA;LTE,2024-02-03,active
945089,Huawei,Huawei X-93,router,HarmonyOS,GSM;WCDMA;LTE,2023-02-16,active
886372,Apple,iPad Mini 6,tablet,iOS,GSM;WCDMA;LTE;NR,2020-11-10,active
993077,Apple,iPhone 14,smartphone,iOS,GSM;WCDMA;LTE;NR,2020-04-28,active
592384,Sierra Wireless,Sierra Wireless X-69,iot,Embedded Linux,GSM;WCDMA;NR,2025-12-26,active
877155,Xiaomi,Xiaomi X-38,smartphone,Android,GSM;WCDMA;LTE;NR,2022-11-09,active
422328,ZTE,ZTE X-96,router,Embedded Linux,GSM;WCDMA;LTE,2023-01-01,active
127521,Xiaomi,Xiaomi X-76,smartphone,Android,GSM;WCDMA;LTE;NR,2024-06-11,active
278688,Telit,Telit X-40,iot,RTOS,GSM;WCDMA;NR,2023-04-20,active
775738,Samsung,Samsung X-83,smartphone,Android,GSM;WCDMA;LTE;NR,2025-07-24,active
282155,Xiaomi,Xiaomi X-76,smartphone,Android,GSM;WCDMA;LTE,2021-02-23,active
940089,Samsung,Samsung X-90,smartphone,Android,GSM;WCDMA;LTE;NR,2023-11-09,active
978012,Xiaomi,Xiaomi X-36,smartphone,Android,GSM;WCDMA;LTE,2020-07-01,active
759443,Samsung,Samsung X-13,tablet,Android,GSM;WCDMA;LTE;NR,2024-02-19,active
500980,Realme,Realme X-26,smartphone,Android,GSM;WCDMA;LTE;NR,2025-11-25,active
475517,Realme,Realme X-38,smartphone,Android,GSM;WCDMA;LTE,2024-04-24,active
917919,ZTE,ZTE X-43,router,Embedded Linux,GSM;WCDMA;LTE;NR,2022-02-05,active
757916,Vivo,Vivo X-23,smartphone,Android,GSM;WCDMA;LTE,2024-02-04,active
248725,Apple,iPhone 11,smartphone,iOS,GSM;WCDMA;LTE,2022-04-13,active
205561,Samsung,Samsung X-62,smartphone,Android,GSM;WCDMA;LTE,2025-02-07,active
820724,Xiaomi,Xiaomi X-91,smartphone,Android,GSM;WCDMA;LTE;NR,2021-03-10,active
110632,Quectel,Quectel X-25,iot,RTOS,GSM;WCDMA;NR,2022-08-20,active
729138,Apple,iPhone 15,smartphone,iOS,GSM;WCDMA;LTE;NR,2020-04-20,active
130990,Vivo,Vivo X-75,smartphone,Android,GSM;WCDMA;LTE;NR,2021-06-04,active
327496,Apple,iPhone 12,smartphone,iOS,GSM;WCDMA;LTE,2025-03-09,active
386960,Samsung,Samsung X-54,smartphone,Android,GSM;WCDMA;LTE;NR,2025-05-15,active
881393,ZTE,ZTE X-75,router,Embedded Linux,GSM;WCDMA;LTE;NR,2021-05-06,active
307488,Lenovo,Lenovo X-60,tablet,Android,GSM;WCDMA;LTE,2024-05-06,active
932673,Realme,Realme X-72,smartphone,Android,GSM;WCDMA;LTE;NR,2023-07-20,active
883369,Xiaomi,Xiaomi X-89,smartphone,Android,GSM;WCDMA;LTE,2023-07-07,active
694691,Realme,Realme X-18,smartphone,Android,GSM;WCDMA;LTE;NR,2020-09-09,active
715377,Vivo,Vivo X-92,smartphone,Android,GSM;WCDMA;LTE;NR,2024-06-13,active
131394,Xiaomi,Xiaomi X-64,smartphone,Android,GSM;WCDMA;LTE;NR,2022-04-03,active
325636,Lenovo,Lenovo X-28,tablet,Android,GSM;WCDMA;LTE;NR,2020-01-11,active
821726,Xiaomi,Xiaomi X-37,smartphone,Android,GSM;WCDMA;LTE;NR,2022-04-18,active
169452,Vivo,Vivo X-37,smartphone,Android,GSM;WCDMA;LTE;NR,2020-09-09,active
851058,Apple,iPad Mini 6,tablet,iOS,GSM;WCDMA;LTE;NR,2023-06-27,active
435671,Samsung,Samsung X-73,smartphone,Android,GSM;WCDMA;LTE;NR,2022-07-04,active
230120,Vivo,Vivo X-51,smartphone,Android,GSM;WCDMA;LTE;NR,2021-10-01,active
398882,Vivo,Vivo X-10,smartphone,Android,GSM;WCDMA;LTE;NR,2022-03-27,active
522377,Vivo,Vivo X-77,smartphone,Android,GSM;WCDMA;LTE,2025-01-03,active
592718,Oppo,Oppo X-48,smartphone,Android,GSM;WCDMA;LTE,2022-07-03,active
683480,Huawei,Huawei X-88,tablet,HarmonyOS,GSM;WCDMA;LTE,2022-12-15,active
617300,Huawei,Huawei X-57,router,HarmonyOS,GSM;WCDMA;LTE;NR,2020-01-08,active
150157,TP-Link,TP-Link X-23,router,Embedded Linux,GSM;WCDMA;LTE;NR,2025-12-14,active
337336,Apple,iPhone 13,smartphone,iOS,GSM;WCDMA;LTE;NR,2024-01-23,active
155040,Samsung,Samsung X-24,smartphone,Android,GSM;WCDMA;LTE,2022-02-09,active
445326,Huawei,Huawei X-44,tablet,HarmonyOS,GSM;WCDMA;LTE;NR,2021-10-15,active
225725,Apple,iPhone 15,smartphone,iOS,GSM;WCDMA;LTE;NR,2023-11-15,active
800695,Vivo,Vivo X-40,smartphone,Android,GSM;WCDMA;LTE;NR,2025-08-09,active
437548,Huawei,Huawei X-38,tablet,HarmonyOS,GSM;WCDMA;LTE,2022-12-03,active
470157,Apple,iPhone 12,smartphone,iOS,GSM;WCDMA;LTE;NR,2020-08-02,active
322796,Apple,iPhone 14,smartphone,iOS,GSM;WCDMA;LTE;NR,2021-08-04,active
456987,Vivo,Vivo X-77,smartphone,Android,GSM;WCDMA;LTE;NR,2022-05-23,active
576076,Apple,iPad Mini 4,tablet,iOS,GSM;WCDMA;LTE;NR,2023-08-28,active
750618,Oppo,Oppo X-34,smartphone,Android,GSM;WCDMA;LTE,2023-03-22,active
422066,Quectel,Quectel X-28,iot,RTOS,GSM;WCDMA;NR,2020-12-04,active
352248,Oppo,Oppo X-33,smartphone,Android,GSM;WCDMA;LTE,2023-11-17,active
574628,Samsung,Samsung X-80,smartphone,Android,GSM;WCDMA;LTE,2023-04-05,active
516209,Vivo,Vivo X-52,smartphone,Android,GSM;WCDMA;LTE,2022-06-04,active
151521,Huawei,Huawei X-34,tablet,HarmonyOS,GSM;WCDMA;LTE,2023-03-20,active
389329,Oppo,Oppo X-76,smartphone,Android,GSM;WCDMA;LTE;NR,2025-01-21,active
361036,SimCom,SimCom X-24,iot,RTOS,GSM;WCDMA,2020-10-09,active
350365,Samsung,Samsung X-45,smartphone,Android,GSM;WCDMA;LTE,2024-12-23,active
524211,Samsung,Samsung X-38,smartphone,Android,GSM;WCDMA;LTE;NR,2025-05-16,active
315697,Apple,iPhone 13,smartphone,iOS,GSM;WCDMA;LTE;NR,2025-10-10,active
869531,Apple,iPhone 15,smartphone,iOS,GSM;WCDMA;LTE;NR,2024-08-24,active
420155,TP-Link,TP-Link X-31,router,Embedded Linux,GSM;WCDMA;LTE,2020-03-06,active
448290,TP-Link,TP-Link X-11,router,Embedded Linux,GSM;WCDMA;LTE;NR,2023-06-01,active
286138,Quectel,Quectel X-31,iot,RTOS,GSM;WCDMA;NR,2020-10-12,active
596846,Oppo,Oppo X-41,smartphone,Android,GSM;WCDMA;LTE;NR,2020-01-19,active
813080,SimCom,SimCom X-77,iot,RTOS,GSM;WCDMA;NR,2021-02-04,active
419398,Netgear,Netgear X-67,router,Embedded Linux,GSM;WCDMA;LTE;NR,2022-09-09,active
795634,Xiaomi,Xiaomi X-68,smartphone,Android,GSM;WCDMA;LTE,2022-05-23,active
449950,ZTE,ZTE X-24,router,Embedded Linux,GSM;WCDMA;LTE,2024-12-21,active
121734,Oppo,Oppo X-38,smartphone,Android,GSM;WCDMA;LTE;NR,2021-06-16,active
132405,Realme,Realme X-99,smartphone,Android,GSM;WCDMA;LTE;NR,2022-04-24,active
193610,Oppo,Oppo X-91,smartphone,Android,GSM;WCDMA;LTE,2022-11-22,active
671386,ZTE,ZTE X-77,router,Embedded Linux,GSM;WCDMA;LTE,2025-06-11,active
510020,Xiaomi,Xiaomi X-49,smartphone,Android,GSM;WCDMA;LTE,2024-09-23,active
459949,Huawei,Huawei X-65,router,HarmonyOS,GSM;WCDMA;LTE;NR,2024-06-10,active
215543,Telit,Telit X-97,iot,RTOS,GSM;WCDMA,2025-03-17,active
403858,Samsung,Samsung X-48,tablet,Android,GSM;WCDMA;LTE;NR,2020-05-01,active
575904,Xiaomi,Xiaomi X-85,smartphone,Android,GSM;WCDMA;LTE,2023-05-01,active
551226,Samsung,Samsung X-16,smartphone,Android,GSM;WCDMA;LTE,2022-05-26,active
626378,Samsung,Samsung X-21,tablet,Android,GSM;WCDMA;LTE;NR,2021-12-07,active
553038,Samsung,Samsung X-47,smartphone,Android,GSM;WCDMA;LTE,2023-06-08,active
951138,Huawei,Huawei X-64,tablet,HarmonyOS,GSM;WCDMA;LTE,2020-05-10,active
726040,Vivo,Vivo X-65,smartphone,Android,GSM;WCDMA;LTE;NR,2022-10-05,active
816514,Lenovo,Lenovo X-27,tablet,Android,GSM;WCDMA;LTE;NR,2021-05-10,active
189755,Realme,Realme X-69,smartphone,Android,GSM;WCDMA;LTE;NR,2023-07-04,active
245342,Realme,Realme X-50,smartphone,Android,GSM;WCDMA;LTE;NR,2025-12-12,active
591130,Oppo,Oppo X-63,smartphone,Android,GSM;WCDMA;LTE;NR,2023-01-18,active
127705,Telit,Telit X-21,iot,RTOS,GSM;WCDMA;NR,2024-05-26,active
354432,Xiaomi,Xiaomi X-26,smartphone,Android,GSM;WCDMA;LTE;NR,2024-05-02,active
892026,TP-Link,TP-Link X-61,router,Embedded Linux,GSM;WCDMA;LTE;NR,2023-09-15,active
979962,Samsung,Samsung X-44,smartphone,Android,GSM;WCDMA;LTE;NR,2025-02-11,active
723210,Xiaomi,Xiaomi X-82,smartphone,Android,GSM;WCDMA;LTE;NR,2022-01-04,active
876442,Vivo,Vivo X-16,smartphone,Android,GSM;WCDMA;LTE;NR,2024-03-18,active
876390,SimCom,SimCom X-38,iot,RTOS,GSM;WCDMA;NR,2025-03-10,active
758756,Samsung,Samsung X-72,smartphone,Android,GSM;WCDMA;LTE;NR,2021-02-03,active
100037,Samsung,Samsung X-76,smartphone,Android,GSM;WCDMA;LTE,2021-02-16,active
125854,ZTE,ZTE X-60,router,Embedded Linux,GSM;WCDMA;LTE,2020-05-13,active
607216,SimCom,SimCom X-79,iot,RTOS,GSM;WCDMA,2024-11-15,active
790130,Huawei,Huawei X-28,tablet,HarmonyOS,GSM;WCDMA;LTE;NR,2021-03-27,active
880768,Samsung,Samsung X-75,tablet,Android,GSM;WCDMA;LTE;NR,2024-04-16,active
603805,Realme,Realme X-22,smartphone,Android,GSM;WCDMA;LTE;NR,2023-06-22,active
388548,Realme,Realme X-23,smartphone,Android,GSM;WCDMA;LTE;NR,2023-03-01,active
397189,Vivo,Vivo X-59,smartphone,Android,GSM;WCDMA;LTE,2022-01-21,active
782017,ZTE,ZTE X-15,router,Embedded Linux,GSM;WCDMA;LTE;NR,2022-03-15,active
858188,Samsung,Samsung X-30,smartphone,Android,GSM;WCDMA;LTE,2024-04-12,active
840530,Vivo,Vivo X-18,smartphone,Android,GSM;WCDMA;LTE,2021-06-21,active
854145,Oppo,Oppo X-27,smartphone,Android,GSM;WCDMA;LTE,2025-05-13,active
171523,Telit,Telit X-58,iot,RTOS,GSM;WCDMA;NR,2024-11-06,active
704020,Lenovo,Lenovo X-26,tablet,Android,GSM;WCDMA;LTE;NR,2024-10-12,active
712885,Huawei,Huawei X-18,tablet,HarmonyOS,GSM;WCDMA;LTE,2025-03-08,active
201229,Huawei,Huawei X-96,tablet,HarmonyOS,GSM;WCDMA;LTE;NR,2021-12-26,active
348111,Apple,iPhone 14,smartphone,iOS,GSM;WCDMA;LTE;NR,2023-02-02,active
741627,Samsung,Samsung X-19,smartphone,Android,GSM;WCDMA;LTE;NR,2022-10-21,active
981516,Apple,iPhone 13,smartphone,iOS,GSM;WCDMA;LTE,2023-07-05,active
768357,Apple,iPhone 12,smartphone,iOS,GSM;WCDMA;LTE,2023-11-10,active
336450,Apple,iPhone 14,smartphone,iOS,GSM;WCDMA;LTE;NR,2021-02-19,active
125420,Apple,iPad Mini 4,tablet,iOS,GSM;WCDMA;LTE;NR,2020-06-25,active
527847,Samsung,Samsung X-53,smartphone,Android,GSM;WCDMA;LTE,2025-12-21,active
653810,Apple,iPhone 15,smartphone,iOS,GSM;WCDMA;LTE;NR,2024-06-12,active
748522,TP-Link,TP-Link X-18,router,Embedded Linux,GSM;WCDMA;LTE;NR,2025-07-28,active
174310,Apple,iPhone 15,smartphone,iOS,GSM;WCDMA;LTE,2020-08-08,active
153979,Lenovo,Lenovo X-12,tablet,Android,GSM;WCDMA;LTE,2022-05-13,active
837435,Apple,iPhone 13,smartphone,iOS,GSM;WCDMA;LTE,2024-04-28,active
642910,Sierra Wireless,Sierra Wireless X-61,iot,Embedded Linux,GSM;WCDMA;NR,2024-12-04,active
711081,Xiaomi,Xiaomi X-93,smartphone,Android,GSM;WCDMA;LTE,2022-07-09,active
310251,Samsung,Samsung X-27,smartphone,Android,GSM;WCDMA;LTE,2025-06-25,active
795558,Quectel,Quectel X-40,iot,RTOS,GSM;WCDMA;NR,2024-10-23,active
975564,Apple,iPad Mini 4,tablet,iOS,GSM;WCDMA;LTE;NR,2024-12-20,active
184508,ZTE,ZTE X-26,router,Embedded Linux,GSM;WCDMA;LTE,2020-02-02,active
620719,Realme,Realme X-54,smartphone,Android,GSM;WCDMA;LTE;NR,2022-04-01,active
158045,Apple,iPhone 15,smartphone,iOS,GSM;WCDMA;LTE;NR,2023-11-22,active
873768,Oppo,Oppo X-16,smartphone,Android,GSM;WCDMA;LTE,2023-12-05,active
550592,Samsung,Samsung X-24,tablet,Android,GSM;WCDMA;LTE;NR,2024-06-12,active
303052,Samsung,Samsung X-40,smartphone,Android,GSM;WCDMA;LTE,2024-01-08,active
533130,Apple,iPad Mini 6,tablet,iOS,GSM;WCDMA;LTE,2020-02-02,active
232871,Xiaomi,Xiaomi X-15,smartphone,Android,GSM;WCDMA;LTE,2024-11-08,active
406616,Oppo,Oppo X-71,smartphone,Android,GSM;WCDMA;LTE;NR,2025-02-03,active
362352,SimCom,SimCom X-73,iot,RTOS,GSM;WCDMA;NR,2022-04-15,active
847775,Xiaomi,Xiaomi X-80,smartphone,Android,GSM;WCDMA;LTE,2025-04-17,active
380531,Vivo,Vivo X-74,smartphone,Android,GSM;WCDMA;LTE,2022-07-23,active
752079,Samsung,Samsung X-36,smartphone,Android,GSM;WCDMA;LTE;NR,2024-04-10,active
877947,Samsung,Samsung X-57,smartphone,Android,GSM;WCDMA;LTE;NR,2021-01-08,active
832264,Oppo,Oppo X-24,smartphone,Android,GSM;WCDMA;LTE,2020-05-09,active
716814,Samsung,Samsung X-17,smartphone,Android,GSM;WCDMA;LTE,2024-07-16,active
119764,ZTE,ZTE X-66,router,Embedded Linux,GSM;WCDMA;LTE,2021-07-06,active
791982,Samsung,Samsung X-94,smartphone,Android,GSM;WCDMA;LTE,2024-06-01,active
738309,Lenovo,Lenovo X-43,tablet,Android,GSM;WCDMA;LTE;NR,2024-04-25,active
128673,Vivo,Vivo X-65,smartphone,Android,GSM;WCDMA;LTE;NR,2025-12-25,active
159893,ZTE,ZTE X-96,router,Embedded Linux,GSM;WCDMA;LTE,2024-08-14,active
700417,Lenovo,Lenovo X-30,tablet,Android,GSM;WCDMA;LTE;NR,2023-12-08,active
238278,Sierra Wireless,Sierra Wireless X-97,iot,Embedded Linux,GSM;WCDMA;NR,2020-04-25,active
669171,Vivo,Vivo X-60,smartphone,Android,GSM;WCDMA;LTE,2022-06-09,active
791252,Realme,Realme X-87,smartphone,Android,GSM;WCDMA;LTE,2022-10-22,active
436581,TP-Link,TP-Link X-66,router,Embedded Linux,GSM;WCDMA;LTE;NR,2023-01-15,active
138801,Telit,Telit X-91,iot,RTOS,GSM;WCDMA;NR,2021-07-02,active
707723,Sierra Wireless,Sierra Wireless X-88,iot,Embedded Linux,GSM;WCDMA;NR,2020-08-06,active
370539,Lenovo,Lenovo X-43,tablet,Android,GSM;WCDMA;LTE;NR,2021-04-21,active
282971,Vivo,Vivo X-93,smartphone,Android,GSM;WCDMA;LTE,2020-11-02,active
293205,Huawei,Huawei X-84,tablet,HarmonyOS,GSM;WCDMA;LTE,2024-12-08,active
163766,Sierra Wireless,Sierra Wireless X-42,iot,Embedded Linux,GSM;WCDMA,2022-09-23,active
146906,Lenovo,Lenovo X-23,tablet,Android,GSM;WCDMA;LTE,2023-02-17,active
181212,Xiaomi,Xiaomi X-83,smartphone,Android,GSM;WCDMA;LTE,2025-07-03,active
773067,Xiaomi,Xiaomi X-28,smartphone,Android,GSM;WCDMA;LTE,2024-06-11,active
527963,Netgear,Netgear X-70,router,Embedded Linux,GSM;WCDMA;LTE;NR,2022-10-01,active
268100,Xiaomi,Xiaomi X-29,smartphone,Android,GSM;WCDMA;LTE;NR,2020-02-20,active
321752,Netgear,Netgear X-37,router,Embedded Linux,GSM;WCDMA;LTE,2024-01-22,active
861538,Realme,Realme X-20,smartphone,Android,GSM;WCDMA;LTE;NR,2021-10-17,active
702343,Huawei,Huawei X-78,tablet,HarmonyOS,GSM;WCDMA;LTE;NR,2024-01-20,active
595273,Huawei,Huawei X-50,tablet,HarmonyOS,GSM;WCDMA;LTE,2024-05-08,active
444650,Xiaomi,Xiaomi X-39,smartphone,Android,GSM;WCDMA;LTE;NR,2025-02-23,active
352755,Oppo,Oppo X-56,smartphone,Android,GSM;WCDMA;LTE,2024-09-03,active
479895,Samsung,Samsung X-67,tablet,Android,GSM;WCDMA;LTE;NR,2021-10-27,active
966945,SimCom,SimCom X-62,iot,RTOS,GSM;WCDMA;NR,2025-03-20,active
372922,Lenovo,Lenovo X-50,tablet,Android,GSM;WCDMA;LTE,2023-07-17,active
255607,Realme,Realme X-35,smartphone,Android,GSM;WCDMA;LTE;NR,2023-01-06,active
226656,Vivo,Vivo X-70,smartphone,Android,GSM;WCDMA;LTE;NR,2021-01-27,active
552376,Apple,iPhone 11,smartphone,iOS,GSM;WCDMA;LTE,2024-07-14,active
471581,Realme,Realme X-81,smartphone,Android,GSM;WCDMA;LTE,2022-02-11,active
964776,Huawei,Huawei X-15,router,HarmonyOS,GSM;WCDMA;LTE,2022-08-14,active
761475,Oppo,Oppo X-47,smartphone,Android,GSM;WCDMA;LTE;NR,2025-03-24,active
292362,Apple,iPad Mini 4,tablet,iOS,GSM;WCDMA;LTE;NR,2022-11-21,active
575557,Oppo,Oppo X-32,smartphone,Android,GSM;WCDMA;LTE;NR,2024-05-25,active
201605,Oppo,Oppo X-53,smartphone,Android,GSM;WCDMA;LTE,2024-09-19,active
632915,ZTE,ZTE X-46,router,Embedded Linux,GSM;WCDMA;LTE,2022-03-05,active
143971,TP-Link,TP-Link X-65,router,Embedded Linux,GSM;WCDMA;LTE;NR,2024-10-11,active
204298,Apple,iPhone 11,smartphone,iOS,GSM;WCDMA;LTE,2023-08-08,active
277545,Xiaomi,Xiaomi X-87,smartphone,Android,GSM;WCDMA;LTE;NR,2021-11-09,active
247852,Vivo,Vivo X-75,smartphone,Android,GSM;WCDMA;LTE;NR,2020-10-02,active
666052,Apple,iPhone 11,smartphone,iOS,GSM;WCDMA;LTE;NR,2020-06-07,active
395528,Telit,Telit X-66,iot,RTOS,GSM;WCDMA;NR,2023-05-04,active
851043,Apple,iPad Mini 5,tablet,iOS,GSM;WCDMA;LTE;NR,2020-03-09,active
867173,Lenovo,Lenovo X-20,tablet,Android,GSM;WCDMA;LTE;NR,2021-12-03,active
443005,Xiaomi,Xiaomi X-45,smartphone,Android,GSM;WCDMA;LTE;NR,2025-09-22,active
914791,Realme,Realme X-50,smartphone,Android,GSM;WCDMA;LTE;NR,2020-07-04,active
839354,Lenovo,Lenovo X-34,tablet,Android,GSM;WCDMA;LTE;NR,2025-11-02,active
765318,Samsung,Samsung X-27,tablet,Android,GSM;WCDMA;LTE;NR,2021-11-07,active
378172,Oppo,Oppo X-33,smartphone,Android,GSM;WCDMA;LTE;NR,2022-03-07,active
765607,TP-Link,TP-Link X-10,router,Embedded Linux,GSM;WCDMA;LTE;NR,2023-09-20,active
318677,Apple,iPad Mini 6,tablet,iOS,GSM;WCDMA;LTE,2023-11-19,active
346117,Huawei,Huawei X-77,tablet,HarmonyOS,GSM;WCDMA;LTE;NR,2021-05-27,active
343157,ZTE,ZTE X-72,router,Embedded Linux,GSM;WCDMA;LTE;NR,2023-10-12,active
669810,Samsung,Samsung X-38,smartphone,Android,GSM;WCDMA;LTE,2022-07-15,active
441203,Oppo,Oppo X-24,smartphone,Android,GSM;WCDMA;LTE,2022-11-04,active
464462,Samsung,Samsung X-71,tablet,Android,GSM;WCDMA;LTE;NR,2023-10-14,active
820604,Xiaomi,Xiaomi X-44,smartphone,Android,GSM;WCDMA;LTE;NR,2023-01-18,active
909289,Realme,Realme X-50,smartphone,Android,GSM;WCDMA;LTE;NR,2023-07-13,active
373363,Sierra Wireless,Sierra Wireless X-72,iot,Embedded Linux,GSM;WCDMA;NR,2022-11-27,active
147844,Oppo,Oppo X-38,smartphone,Android,GSM;WCDMA;LTE;NR,2021-09-07,active
917419,Lenovo,Lenovo X-26,tablet,Android,GSM;WCDMA;LTE;NR,2020-12-01,active
941390,Realme,Realme X-52,smartphone,Android,GSM;WCDMA;LTE;NR,2024-02-21,active
151605,Xiaomi,Xiaomi X-78,smartphone,Android,GSM;WCDMA;LTE,2021-09-13,active
852689,Apple,iPhone 13,smartphone,iOS,GSM;WCDMA;LTE,2021-09-24,active
360784,Quectel,Quectel X-12,iot,RTOS,GSM;WCDMA;NR,2024-02-17,active
517267,Apple,iPad Mini 5,tablet,iOS,GSM;WCDMA;LTE,2021-11-25,active
821493,Xiaomi,Xiaomi X-25,smartphone,Android,GSM;WCDMA;LTE;NR,2023-11-13,active
237566,Netgear,Netgear X-20,router,Embedded Linux,GSM;WCDMA;LTE,2024-12-23,active
899419,Apple,iPad Mini 6,tablet,iOS,GSM;WCDMA;LTE;NR,2024-03-04,active
871619,Oppo,Oppo X-34,smartphone,Android,GSM;WCDMA;LTE;NR,2022-06-14,active
637243,Lenovo,Lenovo X-45,tablet,Android,GSM;WCDMA;LTE;NR,2020-05-21,active
704190,Xiaomi,Xiaomi X-64,smartphone,Android,GSM;WCDMA;LTE,2023-09-09,active
606828,Realme,Realme X-78,smartphone,Android,GSM;WCDMA;LTE;NR,2023-01-16,active
862899,Xiaomi,Xiaomi X-79,smartphone,Android,GSM;WCDMA;LTE;NR,2023-04-19,active
126101,Apple,iPhone 14,smartphone,iOS,GSM;WCDMA;LTE,2024-02-21,active
425698,Realme,Realme X-20,smartphone,Android,GSM;WCDMA;LTE,2021-04-28,active
613604,Samsung,Samsung X-28,smartphone,Android,GSM;WCDMA;LTE;NR,2023-09-24,active
980436,Apple,iPhone 11,smartphone,iOS,GSM;WCDMA;LTE;NR,2022-07-10,active
876482,Apple,iPhone 11,smartphone,iOS,GSM;WCDMA;LTE,2024-10-14,active
105842,Apple,iPhone 15,smartphone,iOS,GSM;WCDMA;LTE;NR,2024-08-11,active
783680,Oppo,Oppo X-71,smartphone,Android,GSM;WCDMA;LTE;NR,2025-12-03,active
210146,Samsung,Samsung X-58,smartphone,Android,GSM;WCDMA;LTE,2020-03-17,active
884490,Apple,iPhone 14,smartphone,iOS,GSM;WCDMA;LTE;NR,2020-01-14,active
619238,Vivo,Vivo X-72,smartphone,Android,GSM;WCDMA;LTE,2024-07-13,active
109708,Oppo,Oppo X-47,smartphone,Android,GSM;WCDMA;LTE;NR,2025-05-17,active
438046,Lenovo,Lenovo X-82,tablet,Android,GSM;WCDMA;LTE;NR,2021-05-17,active
818299,Vivo,Vivo X-57,smartphone,Android,GSM;WCDMA;LTE;NR,2022-08-15,active
320848,SimCom,SimCom X-31,iot,RTOS,GSM;WCDMA;NR,2023-01-11,active
536525,Oppo,Oppo X-18,smartphone,Android,GSM;WCDMA;LTE;NR,2020-05-23,active
296790,Samsung,Samsung X-78,smartphone,Android,GSM;WCDMA;LTE;NR,2020-01-20,active
591461,Samsung,Samsung X-54,smartphone,Android,GSM;WCDMA;LTE;NR,2021-06-21,active
114815,Sierra Wireless,Sierra Wireless X-46,iot,Embedded Linux,GSM;WCDMA;NR,2023-10-24,active
420602,Oppo,Oppo X-42,smartphone,Android,GSM;WCDMA;LTE;NR,2025-11-07,active
181239,Samsung,Samsung X-37,smartphone,Android,GSM;WCDMA;LTE,2022-10-04,active
232858,Huawei,Huawei X-52,tablet,HarmonyOS,GSM;WCDMA;LTE;NR,2024-10-09,active
946514,Huawei,Huawei X-36,tablet,HarmonyOS,GSM;WCDMA;LTE,2021-04-03,active
942377,Samsung,Samsung X-31,tablet,Android,GSM;WCDMA;LTE;NR,2020-06-03,active
154724,Oppo,Oppo X-64,smartphone,Android,GSM;WCDMA;LTE;NR,2022-05-17,active
896925,Vivo,Vivo X-60,smartphone,Android,GSM;WCDMA;LTE,2023-12-16,active
472235,Vivo,Vivo X-50,smartphone,Android,GSM;WCDMA;LTE;NR,2024-04-06,active
764555,TP-Link,TP-Link X-65,router,Embedded Linux,GSM;WCDMA;LTE;NR,2023-12-26,active
362709,Huawei,Huawei X-93,tablet,HarmonyOS,GSM;WCDMA;LTE,2020-06-28,active
588715,Lenovo,Lenovo X-64,tablet,Android,GSM;WCDMA;LTE,2024-04-13,active
492383,Realme,Realme X-11,smartphone,Android,GSM;WCDMA;LTE,2022-09-07,active
105887,Xiaomi,Xiaomi X-22,smartphone,Android,GSM;WCDMA;LTE;NR,2022-09-01,active
736249,Realme,Realme X-45,smartphone,Android,GSM;WCDMA;LTE;NR,2023-01-23,active
838474,Realme,Realme X-17,smartphone,Android,GSM;WCDMA;LTE;NR,2020-12-16,active
737058,Huawei,Huawei X-32,tablet,HarmonyOS,GSM;WCDMA;LTE;NR,2025-09-26,active
208933,Samsung,Samsung X-88,smartphone,Android,GSM;WCDMA;LTE;NR,2021-12-24,active
285501,TP-Link,TP-Link X-20,router,Embedded Linux,GSM;WCDMA;LTE;NR,2020-01-15,active
768444,Lenovo,Lenovo X-22,tablet,Android,GSM;WCDMA;LTE;NR,2022-04-21,active
743829,Lenovo,Lenovo X-96,tablet,Android,GSM;WCDMA;LTE;NR,2022-12-06,active
715354,Lenovo,Lenovo X-76,tablet,Android,GSM;WCDMA;LTE,2025-07-14,active
978409,Apple,iPad Mini 4,tablet,iOS,GSM;WCDMA;LTE;NR,2024-03-24,active
379588,Oppo,Oppo X-15,smartphone,Android,GSM;WCDMA;LTE,2021-12-17,active
529131,Realme,Realme X-10,smartphone,Android,GSM;WCDMA;LTE,2024-06-04,active
458038,Realme,Realme X-21,smartphone,Android,GSM;WCDMA;LTE;NR,2023-02-04,active
194960,Samsung,Samsung X-33,smartphone,Android,GSM;WCDMA;LTE,2025-01-25,active
277561,Samsung,Samsung X-91,tablet,Android,GSM;WCDMA;LTE,2020-12-08,active
422733,TP-Link,TP-Link X-26,router,Embedded Linux,GSM;WCDMA;LTE,2023-12-10,active
286650,Vivo,Vivo X-50,smartphone,Android,GSM;WCDMA;LTE;NR,2021-05-07,active
285715,Sierra Wireless,Sierra Wireless X-99,iot,Embedded Linux,GSM;WCDMA;NR,2020-08-12,active
706806,Realme,Realme X-76,smartphone,Android,GSM;WCDMA;LTE;NR,2025-11-27,active
278755,Vivo,Vivo X-59,smartphone,Android,GSM;WCDMA;LTE,2024-04-23,active
554928,Realme,Realme X-46,smartphone,Android,GSM;WCDMA;LTE,2025-09-18,active
970168,Lenovo,Lenovo X-21,tablet,Android,GSM;WCDMA;LTE;NR,2021-05-07,active
590406,Samsung,Samsung X-76,smartphone,Android,GSM;WCDMA;LTE;NR,2021-08-05,active
589943,Xiaomi,Xiaomi X-82,smartphone,Android,GSM;WCDMA;LTE,2024-01-11,active
835354,Xiaomi,Xiaomi X-11,smartphone,Android,GSM;WCDMA;LTE,2023-06-11,active
779352,SimCom,SimCom X-55,iot,RTOS,GSM;WCDMA,2023-09-06,active
888576,Vivo,Vivo X-68,smartphone,Android,GSM;WCDMA;LTE;NR,2025-07-24,active
518731,Apple,iPhone 13,smartphone,iOS,GSM;WCDMA;LTE;NR,2024-06-16,active
811517,Samsung,Samsung X-39,smartphone,Android,GSM;WCDMA;LTE;NR,2024-02-14,active
546582,Huawei,Huawei X-85,tablet,HarmonyOS,GSM;WCDMA;LTE,2024-03-10,active
725843,SimCom,SimCom X-82,iot,RTOS,GSM;WCDMA;NR,2021-11-11,active
926874,Quectel,Quectel X-49,iot,RTOS,GSM;WCDMA;NR,2021-06-15,active
515229,Samsung,Samsung X-94,smartphone,Android,GSM;WCDMA;LTE,2021-05-10,active
184279,Apple,iPhone 14,smartphone,iOS,GSM;WCDMA;LTE,2021-03-22,active
682324,Netgear,Netgear X-10,router,Embedded Linux,GSM;WCDMA;LTE;NR,2022-02-16,active
676537,Samsung,Samsung X-70,tablet,Android,GSM;WCDMA;LTE;NR,2023-12-08,active
900122,Telit,Telit X-26,iot,RTOS,GSM;WCDMA,2021-07-25,active
443001,ZTE,ZTE X-86,router,Embedded Linux,GSM;WCDMA;LTE,2020-06-16,active
802416,Apple,iPad Mini 6,tablet,iOS,GSM;WCDMA;LTE,2021-06-12,active
456359,Samsung,Samsung X-88,smartphone,Android,GSM;WCDMA;LTE;NR,2023-02-21,active
341249,Apple,iPhone 11,smartphone,iOS,GSM;WCDMA;LTE,2023-02-11,active
502722,Huawei,Huawei X-29,tablet,HarmonyOS,GSM;WCDMA;LTE,2023-11-27,active
604000,Oppo,Oppo X-32,smartphone,Android,GSM;WCDMA;LTE,2025-09-27,active
211600,Samsung,Samsung X-54,smartphone,Android,GSM;WCDMA;LTE;NR,2020-11-28,active
524121,Huawei,Huawei X-30,router,HarmonyOS,GSM;WCDMA;LTE,2024-09-13,active
819636,Oppo,Oppo X-93,smartphone,Android,GSM;WCDMA;LTE;NR,2023-07-25,active
157159,Xiaomi,Xiaomi X-91,smartphone,Android,GSM;WCDMA;LTE,2023-09-12,active
918941,Xiaomi,Xiaomi X-78,smartphone,Android,GSM;WCDMA;LTE;NR,2020-03-14,active
657540,Apple,iPad Mini 4,tablet,iOS,GSM;WCDMA;LTE,2025-10-09,active
307212,Vivo,Vivo X-68,smartphone,Android,GSM;WCDMA;LTE;NR,2023-05-02,active
227455,ZTE,ZTE X-56,router,Embedded Linux,GSM;WCDMA;LTE,2024-11-12,active
364583,Realme,Realme X-47,smartphone,Android,GSM;WCDMA;LTE;NR,2020-09-09,active
287410,Oppo,Oppo X-12,smartphone,Android,GSM;WCDMA;LTE;NR,2022-11-02,active
724719,Realme,Realme X-14,smartphone,Android,GSM;WCDMA;LTE;NR,2023-04-06,active
188129,Apple,iPhone 12,smartphone,iOS,GSM;WCDMA;LTE;NR,2023-05-12,active
580280,Samsung,Samsung X-77,tablet,Android,GSM;WCDMA;LTE;NR,2020-02-11,active
490904,Vivo,Vivo X-91,smartphone,Android,GSM;WCDMA;LTE;NR,2020-07-17,active
860636,Realme,Realme X-48,smartphone,Android,GSM;WCDMA;LTE;NR,2020-03-24,active
369335,Apple,iPad Mini 4,tablet,iOS,GSM;WCDMA;LTE;NR,2024-05-10,active
745483,Apple,iPhone 11,smartphone,iOS,GSM;WCDMA;LTE,2023-04-25,active
558170,Realme,Realme X-33,smartphone,Android,GSM;WCDMA;LTE,2025-01-20,active
518036,Sierra Wireless,Sierra Wireless X-44,iot,Embedded Linux,GSM;WCDMA,2021-01-26,active
534451,Lenovo,Lenovo X-44,tablet,Android,GSM;WCDMA;LTE;NR,2025-06-04,active
332074,Realme,Realme X-51,smartphone,Android,GSM;WCDMA;LTE,2024-05-24,active
846621,Huawei,Huawei X-85,tablet,HarmonyOS,GSM;WCDMA;LTE;NR,2024-06-18,active
507937,Vivo,Vivo X-11,smartphone,Android,GSM;WCDMA;LTE,2022-06-27,active
565969,Realme,Realme X-73,smartphone,Android,GSM;WCDMA;LTE,2025-03-22,active
509008,Samsung,Samsung X-94,smartphone,Android,GSM;WCDMA;LTE;NR,2020-11-16,active
688592,Quectel,Quectel X-36,iot,RTOS,GSM;WCDMA;NR,2024-06-10,active
405998,Huawei,Huawei X-96,tablet,HarmonyOS,GSM;WCDMA;LTE;NR,2021-10-19,active
274833,Huawei,Huawei X-63,tablet,HarmonyOS,GSM;WCDMA;LTE;NR,2020-05-18,active
880195,Apple,iPhone 14,smartphone,iOS,GSM;WCDMA;LTE;NR,2021-07-20,active
990941,Oppo,Oppo X-37,smartphone,Android,GSM;WCDMA;LTE,2020-10-10,active
287299,ZTE,ZTE X-80,router,Embedded Linux,GSM;WCDMA;LTE;NR,2021-07-20,active
392426,Xiaomi,Xiaomi X-90,smartphone,Android,GSM;WCDMA;LTE,2025-11-25,active
767117,Vivo,Vivo X-78,smartphone,Android,GSM;WCDMA;LTE,2023-08-25,active
586449,Oppo,Oppo X-30,smartphone,Android,GSM;WCDMA;LTE;NR,2021-07-10,active
103499,Xiaomi,Xiaomi X-69,smartphone,Android,GSM;WCDMA;LTE;NR,2025-02-13,active
708339,Huawei,Huawei X-62,tablet,HarmonyOS,GSM;WCDMA;LTE,2020-10-08,active
245303,Apple,iPad Mini 6,tablet,iOS,GSM;WCDMA;LTE;NR,2020-06-20,active
362081,Realme,Realme X-70,smartphone,Android,GSM;WCDMA;LTE;NR,2022-01-24,active
730553,ZTE,ZTE X-80,router,Embedded Linux,GSM;WCDMA;LTE;NR,2021-03-15,active
486991,Samsung,Samsung X-32,tablet,Android,GSM;WCDMA;LTE;NR,2025-04-11,active
239093,Samsung,Samsung X-36,smartphone,Android,GSM;WCDMA;LTE;NR,2023-04-22,active
732552,Apple,iPhone 12,smartphone,iOS,GSM;WCDMA;LTE;NR,2024-11-04,active
942726,Lenovo,Lenovo X-30,tablet,Android,GSM;WCDMA;LTE,2025-02-01,active
884972,Realme,Realme X-62,smartphone,Android,GSM;WCDMA;LTE;NR,2023-07-03,active
921079,Xiaomi,Xiaomi X-78,smartphone,Android,GSM;WCDMA;LTE,2024-11-18,active
849484,Oppo,Oppo X-17,smartphone,Android,GSM;WCDMA;LTE,2023-12-25,active
141844,Realme,Realme X-75,smartphone,Android,GSM;WCDMA;LTE;NR,2023-07-26,active
230083,Xiaomi,Xiaomi X-84,smartphone,Android,GSM;WCDMA;LTE;NR,2020-12-06,active
484265,Xiaomi,Xiaomi X-28,smartphone,Android,GSM;WCDMA;LTE;NR,2023-04-09,active
201843,Realme,Realme X-19,smartphone,Android,GSM;WCDMA;LTE;NR,2025-08-25,active
356616,Lenovo,Lenovo X-47,tablet,Android,GSM;WCDMA;LTE;NR,2022-08-23,active
370450,Vivo,Vivo X-14,smartphone,Android,GSM;WCDMA;LTE;NR,2021-09-10,active
127200,Xiaomi,Xiaomi X-82,smartphone,Android,GSM;WCDMA;LTE,2022-05-23,active
265992,Xiaomi,Xiaomi X-70,smartphone,Android,GSM;WCDMA;LTE;NR,2025-05-05,active
879860,TP-Link,TP-Link X-28,router,Embedded Linux,GSM;WCDMA;LTE;NR,2023-05-21,active
338989,Apple,iPhone 15,smartphone,iOS,GSM;WCDMA;LTE,2024-01-09,active
481851,Huawei,Huawei X-71,tablet,HarmonyOS,GSM;WCDMA;LTE;NR,2021-06-21,active
263448,Vivo,Vivo X-50,smartphone,Android,GSM;WCDMA;LTE;NR,2023-08-21,active
277336,ZTE,ZTE X-32,router,Embedded Linux,GSM;WCDMA;LTE;NR,2023-01-22,active
167898,Xiaomi,Xiaomi X-36,smartphone,Android,GSM;WCDMA;LTE,2022-10-25,active
864162,Samsung,Samsung X-55,tablet,Android,GSM;WCDMA;LTE;NR,2024-11-01,active
980779,Samsung,Samsung X-35,tablet,Android,GSM;WCDMA;LTE,2020-07-21,active
203641,Quectel,Quectel X-44,iot,RTOS,GSM;WCDMA;NR,2024-12-18,active
183306,Quectel,Quectel X-67,iot,RTOS,GSM;WCDMA;NR,2021-04-09,active
935998,Samsung,Samsung X-39,tablet,Android,GSM;WCDMA;LTE;NR,2023-03-02,active
738727,Xiaomi,Xiaomi X-21,smartphone,Android,GSM;WCDMA;LTE;NR,2025-02-05,active
647941,Apple,iPhone 12,smartphone,iOS,GSM;WCDMA;LTE,2024-08-15,active
203043,Samsung,Samsung X-50,smartphone,Android,GSM;WCDMA;LTE;NR,2020-04-16,active
222060,Oppo,Oppo X-35,smartphone,Android,GSM;WCDMA;LTE,2024-04-20,active
610898,Samsung,Samsung X-84,smartphone,Android,GSM;WCDMA;LTE;NR,2020-12-15,active
915158,Huawei,Huawei X-10,tablet,HarmonyOS,GSM;WCDMA;LTE,2023-10-09,active
616533,Lenovo,Lenovo X-74,tablet,Android,GSM;WCDMA;LTE;NR,2022-11-10,active
377033,TP-Link,TP-Link X-53,router,Embedded Linux,GSM;WCDMA;LTE,2024-09-10,active
756326,Apple,iPhone 14,smartphone,iOS,GSM;WCDMA;LTE,2024-08-16,active
271055,Oppo,Oppo X-96,smartphone,Android,GSM;WCDMA;LTE,2023-06-21,active
820328,Apple,iPhone 12,smartphone,iOS,GSM;WCDMA;LTE;NR,2021-04-10,active
626154,Vivo,Vivo X-70,smartphone,Android,GSM;WCDMA;LTE,2022-10-07,active
698745,Lenovo,Lenovo X-30,tablet,Android,GSM;WCDMA;LTE,2023-03-28,active
265615,Samsung,Samsung X-51,tablet,Android,GSM;WCDMA;LTE;NR,2023-11-20,active
927062,Realme,Realme X-44,smartphone,Android,GSM;WCDMA;LTE,2022-08-28,active
974972,Apple,iPhone 13,smartphone,iOS,GSM;WCDMA;LTE,2022-12-11,active
571552,Vivo,Vivo X-60,smartphone,Android,GSM;WCDMA;LTE;NR,2020-07-02,active
528645,Apple,iPhone 14,smartphone,iOS,GSM;WCDMA;LTE;NR,2020-12-07,active
318742,Lenovo,Lenovo X-47,tablet,Android,GSM;WCDMA;LTE;NR,2020-06-14,active
929339,Vivo,Vivo X-81,smartphone,Android,GSM;WCDMA;LTE;NR,2021-10-17,active
561481,Huawei,Huawei X-19,router,HarmonyOS,GSM;WCDMA;LTE,2022-12-16,active
856300,Samsung,Samsung X-94,smartphone,Android,GSM;WCDMA;LTE,2025-08-08,active
393750,Telit,Telit X-17,iot,RTOS,GSM;WCDMA,2025-06-09,active
664024,Xiaomi,Xiaomi X-24,smartphone,Android,GSM;WCDMA;LTE;NR,2025-02-11,active
912901,Samsung,Samsung X-29,tablet,Android,GSM;WCDMA;LTE;NR,2024-04-18,active
192280,Xiaomi,Xiaomi X-83,smartphone,Android,GSM;WCDMA;LTE;NR,2025-05-18,active
656822,Huawei,Huawei X-27,router,HarmonyOS,GSM;WCDMA;LTE;NR,2020-12-23,active
874958,Xiaomi,Xiaomi X-67,smartphone,Android,GSM;WCDMA;LTE;NR,2021-03-11,active
591075,Xiaomi,Xiaomi X-52,smartphone,Android,GSM;WCDMA;LTE,2025-05-09,active
732938,Apple,iPad Mini 4,tablet,iOS,GSM;WCDMA;LTE;NR,2023-07-26,active
609982,Apple,iPad Mini 5,tablet,iOS,GSM;WCDMA;LTE,2023-01-17,active
937055,Vivo,Vivo X-72,smartphone,Android,GSM;WCDMA;LTE,2022-11-03,active
870109,Samsung,Samsung X-81,smartphone,Android,GSM;WCDMA;LTE;NR,2024-03-26,active
638444,Huawei,Huawei X-83,router,HarmonyOS,GSM;WCDMA;LTE;NR,2024-11-07,active
888432,Realme,Realme X-65,smartphone,Android,GSM;WCDMA;LTE;NR,2023-08-24,active
259598,Apple,iPad Mini 6,tablet,iOS,GSM;WCDMA;LTE;NR,2023-09-25,active
826229,Huawei,Huawei X-12,tablet,HarmonyOS,GSM;WCDMA;LTE;NR,2022-01-20,active
968454,Samsung,Samsung X-38,smartphone,Android,GSM;WCDMA;LTE,2021-05-28,active
333717,Xiaomi,Xiaomi X-78,smartphone,Android,GSM;WCDMA;LTE;NR,2025-04-25,active
961431,Xiaomi,Xiaomi X-83,smartphone,Android,GSM;WCDMA;LTE,2021-04-10,active
290407,Vivo,Vivo X-87,smartphone,Android,GSM;WCDMA;LTE;NR,2020-03-18,active
465449,Sierra Wireless,Sierra Wireless X-50,iot,Embedded Linux,GSM;WCDMA;NR,2025-04-07,active
417644,Xiaomi,Xiaomi X-39,smartphone,Android,GSM;WCDMA;LTE;NR,2021-06-01,active
243982,ZTE,ZTE X-25,router,Embedded Linux,GSM;WCDMA;LTE;NR,2023-01-15,active
880080,TP-Link,TP-Link X-58,router,Embedded Linux,GSM;WCDMA;LTE,2023-07-07,active
315621,Apple,iPad Mini 4,tablet,iOS,GSM;WCDMA;LTE;NR,2024-12-17,active
227615,Apple,iPhone 11,smartphone,iOS,GSM;WCDMA;LTE;NR,2025-10-12,active
886099,Telit,Telit X-34,iot,RTOS,GSM;WCDMA,2020-09-12,active
601197,Samsung,Samsung X-68,smartphone,Android,GSM;WCDMA;LTE,2023-07-13,active
999146,Xiaomi,Xiaomi X-49,smartphone,Android,GSM;WCDMA;LTE;NR,2023-11-10,active
340500,Quectel,Quectel X-93,iot,RTOS,GSM;WCDMA;NR,2023-08-01,active
388060,Lenovo,Lenovo X-15,tablet,Android,GSM;WCDMA;LTE,2021-03-19,active
109724,Apple,iPhone 12,smartphone,iOS,GSM;WCDMA;LTE;NR,2020-01-20,active
941356,Realme,Realme X-94,smartphone,Android,GSM;WCDMA;LTE,2024-07-27,active
265132,Apple,iPhone 15,smartphone,iOS,GSM;WCDMA;LTE;NR,2025-11-06,active
482801,Huawei,Huawei X-30,router,HarmonyOS,GSM;WCDMA;LTE,2021-05-13,active
755687,Xiaomi,Xiaomi X-89,smartphone,Android,GSM;WCDMA;LTE,2020-06-01,active
593357,Apple,iPhone 14,smartphone,iOS,GSM;WCDMA;LTE,2023-10-24,active
650716,Samsung,Samsung X-11,smartphone,Android,GSM;WCDMA;LTE,2021-02-14,active
169547,Oppo,Oppo X-69,smartphone,Android,GSM;WCDMA;LTE;NR,2024-08-05,active
998541,Apple,iPad Mini 5,tablet,iOS,GSM;WCDMA;LTE;NR,2022-03-11,active
788258,Vivo,Vivo X-95,smartphone,Android,GSM;WCDMA;LTE;NR,2023-08-24,active
971460,TP-Link,TP-Link X-26,router,Embedded Linux,GSM;WCDMA;LTE,2021-03-08,active
791231,Samsung,Samsung X-61,smartphone,Android,GSM;WCDMA;LTE,2024-02-08,active
337212,Realme,Realme X-94,smartphone,Android,GSM;WCDMA;LTE,2025-08-22,active
719482,Vivo,Vivo X-44,smartphone,Android,GSM;WCDMA;LTE;NR,2021-06-14,active
492975,Apple,iPad Mini 6,tablet,iOS,GSM;WCDMA;LTE,2021-03-01,active
249898,Samsung,Samsung X-30,tablet,Android,GSM;WCDMA;LTE,2020-10-16,active
607348,TP-Link,TP-Link X-90,router,Embedded Linux,GSM;WCDMA;LTE;NR,2024-07-15,active
325272,Xiaomi,Xiaomi X-79,smartphone,Android,GSM;WCDMA;LTE;NR,2025-05-21,active
905842,Xiaomi,Xiaomi X-53,smartphone,Android,GSM;WCDMA;LTE;NR,2021-05-11,active
946188,ZTE,ZTE X-94,router,Embedded Linux,GSM;WCDMA;LTE,2022-09-09,active
166183,Huawei,Huawei X-92,tablet,HarmonyOS,GSM;WCDMA;LTE,2024-03-04,active
338157,Quectel,Quectel X-25,iot,RTOS,GSM;WCDMA;NR,2022-03-28,active
464510,Oppo,Oppo X-80,smartphone,Android,GSM;WCDMA;LTE;NR,2020-09-06,active
516869,TP-Link,TP-Link X-28,router,Embedded Linux,GSM;WCDMA;LTE;NR,2021-01-07,active
869038,Samsung,Samsung X-82,tablet,Android,GSM;WCDMA;LTE;NR,2024-01-26,active
659054,Apple,iPhone 15,smartphone,iOS,GSM;WCDMA;LTE,2021-02-22,active
273681,Samsung,Samsung X-29,tablet,Android,GSM;WCDMA;LTE;NR,2024-07-28,active
312018,Oppo,Oppo X-47,smartphone,Android,GSM;WCDMA;LTE,2024-07-16,active
590737,Realme,Realme X-48,smartphone,Android,GSM;WCDMA;LTE,2022-12-18,active
800574,Realme,Realme X-88,smartphone,Android,GSM;WCDMA;LTE;NR,2020-01-25,active
530309,Oppo,Oppo X-30,smartphone,Android,GSM;WCDMA;LTE;NR,2021-07-26,active
267188,Huawei,Huawei X-85,tablet,HarmonyOS,GSM;WCDMA;LTE,2022-02-08,active
389635,Oppo,Oppo X-25,smartphone,Android,GSM;WCDMA;LTE;NR,2024-11-05,active
315829,Realme,Realme X-45,smartphone,Android,GSM;WCDMA;LTE;NR,2020-11-04,active
645909,Samsung,Samsung X-90,smartphone,Android,GSM;WCDMA;LTE;NR,2021-11-15,active
413337,ZTE,ZTE X-29,router,Embedded Linux,GSM;WCDMA;LTE,2025-06-09,active
142961,Xiaomi,Xiaomi X-24,smartphone,Android,GSM;WCDMA;LTE;NR,2023-10-06,active
844238,Huawei,Huawei X-47,tablet,HarmonyOS,GSM;WCDMA;LTE,2020-02-24,active
732622,Sierra Wireless,Sierra Wireless X-40,iot,Embedded Linux,GSM;WCDMA;NR,2025-08-27,active
835679,Telit,Telit X-17,iot,RTOS,GSM;WCDMA;NR,2022-12-24,active
389266,Sierra Wireless,Sierra Wireless X-63,iot,Embedded Linux,GSM;WCDMA;NR,2022-06-03,active
113554,Oppo,Oppo X-41,smartphone,Android,GSM;WCDMA;LTE;NR,2021-10-14,active
797962,Realme,Realme X-72,smartphone,Android,GSM;WCDMA;LTE;NR,2024-07-20,active
644176,ZTE,ZTE X-15,router,Embedded Linux,GSM;WCDMA;LTE;NR,2024-11-04,active
703587,Apple,iPhone 13,smartphone,iOS,GSM;WCDMA;LTE;NR,2025-10-14,active
954886,Realme,Realme X-15,smartphone,Android,GSM;WCDMA;LTE,2023-08-19,active
648159,Oppo,Oppo X-90,smartphone,Android,GSM;WCDMA;LTE;NR,2023-11-01,active
326533,Samsung,Samsung X-90,smartphone,Android,GSM;WCDMA;LTE;NR,2020-05-14,active
940848,Oppo,Oppo X-42,smartphone,Android,GSM;WCDMA;LTE,2025-06-12,active
360781,Samsung,Samsung X-51,smartphone,Android,GSM;WCDMA;LTE;NR,2025-05-25,active
932192,Vivo,Vivo X-80,smartphone,Android,GSM;WCDMA;LTE;NR,2025-07-25,active
465469,Samsung,Samsung X-73,tablet,Android,GSM;WCDMA;LTE;NR,2022-06-20,active
